/*
SQLyog Community v10.51 
MySQL - 5.5.27 : Database - megacables
*********************************************************************
*/

/*!40101 SET NAMES utf8 */;

/*!40101 SET SQL_MODE=''*/;

/*!40014 SET @OLD_UNIQUE_CHECKS=@@UNIQUE_CHECKS, UNIQUE_CHECKS=0 */;
/*!40014 SET @OLD_FOREIGN_KEY_CHECKS=@@FOREIGN_KEY_CHECKS, FOREIGN_KEY_CHECKS=0 */;
/*!40101 SET @OLD_SQL_MODE=@@SQL_MODE, SQL_MODE='NO_AUTO_VALUE_ON_ZERO' */;
/*!40111 SET @OLD_SQL_NOTES=@@SQL_NOTES, SQL_NOTES=0 */;
CREATE DATABASE /*!32312 IF NOT EXISTS*/`megacables` /*!40100 DEFAULT CHARACTER SET latin1 */;

USE `megacables`;

/*Table structure for table `category` */

DROP TABLE IF EXISTS `category`;

CREATE TABLE `category` (
  `id` bigint(20) NOT NULL AUTO_INCREMENT,
  `name` varchar(150) COLLATE utf8_unicode_ci NOT NULL,
  `image` bigint(20) DEFAULT NULL,
  `is_active` tinyint(1) DEFAULT NULL,
  `root_id` bigint(20) DEFAULT NULL,
  `lft` int(11) DEFAULT NULL,
  `rgt` int(11) DEFAULT NULL,
  `level` smallint(6) DEFAULT NULL,
  `created_by` bigint(20) DEFAULT NULL,
  `updated_by` bigint(20) DEFAULT NULL,
  `created_at` datetime NOT NULL,
  `updated_at` datetime NOT NULL,
  `version` bigint(20) DEFAULT NULL,
  PRIMARY KEY (`id`),
  KEY `category_image_idx` (`image`),
  KEY `category_created_by_idx` (`created_by`),
  KEY `category_updated_by_idx` (`updated_by`),
  CONSTRAINT `category_created_by_dm_user_id` FOREIGN KEY (`created_by`) REFERENCES `dm_user` (`id`),
  CONSTRAINT `category_image_dm_media_id` FOREIGN KEY (`image`) REFERENCES `dm_media` (`id`),
  CONSTRAINT `category_updated_by_dm_user_id` FOREIGN KEY (`updated_by`) REFERENCES `dm_user` (`id`)
) ENGINE=InnoDB AUTO_INCREMENT=10 DEFAULT CHARSET=utf8 COLLATE=utf8_unicode_ci;

/*Data for the table `category` */

insert  into `category`(`id`,`name`,`image`,`is_active`,`root_id`,`lft`,`rgt`,`level`,`created_by`,`updated_by`,`created_at`,`updated_at`,`version`) values (1,'Construcción',3,1,1,1,6,0,1,1,'2013-04-17 16:10:03','2013-04-17 16:10:03',2),(2,'Telecomunicaciones',5,1,2,1,2,0,1,1,'2013-04-17 16:10:27','2013-04-17 16:10:27',2),(3,'Industrial',7,1,3,1,2,0,1,1,'2013-04-17 16:12:38','2013-04-17 16:12:38',2),(4,'Transmisión y Distribución eléctrica',6,1,4,1,2,0,1,1,'2013-04-17 16:13:18','2013-04-26 19:26:25',3),(5,'Sistema Portacable',4,1,5,1,6,0,1,1,'2013-04-17 16:13:48','2013-04-17 16:13:48',2),(6,'Categoria de Construcción',NULL,1,1,2,5,1,1,1,'2013-04-18 15:44:32','2013-04-25 22:53:58',3),(7,'Sistemas deTtipo Malla',NULL,1,5,4,5,1,1,1,'2013-04-25 19:16:06','2013-04-25 19:16:06',2),(8,'Sistema Escalera',NULL,1,5,2,3,1,1,1,'2013-04-25 19:16:24','2013-04-25 19:16:24',2);

/*Table structure for table `category_version` */

DROP TABLE IF EXISTS `category_version`;

CREATE TABLE `category_version` (
  `id` bigint(20) NOT NULL DEFAULT '0',
  `name` varchar(150) COLLATE utf8_unicode_ci NOT NULL,
  `image` bigint(20) DEFAULT NULL,
  `is_active` tinyint(1) DEFAULT NULL,
  `root_id` bigint(20) DEFAULT NULL,
  `lft` int(11) DEFAULT NULL,
  `rgt` int(11) DEFAULT NULL,
  `level` smallint(6) DEFAULT NULL,
  `created_by` bigint(20) DEFAULT NULL,
  `updated_by` bigint(20) DEFAULT NULL,
  `created_at` datetime NOT NULL,
  `updated_at` datetime NOT NULL,
  `version` bigint(20) NOT NULL DEFAULT '0',
  PRIMARY KEY (`id`,`version`),
  KEY `category_version_id_idx` (`id`),
  CONSTRAINT `category_version_id_category_id` FOREIGN KEY (`id`) REFERENCES `category` (`id`) ON DELETE CASCADE ON UPDATE CASCADE
) ENGINE=InnoDB DEFAULT CHARSET=utf8 COLLATE=utf8_unicode_ci;

/*Data for the table `category_version` */

insert  into `category_version`(`id`,`name`,`image`,`is_active`,`root_id`,`lft`,`rgt`,`level`,`created_by`,`updated_by`,`created_at`,`updated_at`,`version`) values (1,'Construcción',3,1,NULL,NULL,NULL,NULL,1,1,'2013-04-17 16:10:03','2013-04-17 16:10:03',1),(1,'Construcción',3,1,1,1,2,0,1,1,'2013-04-17 16:10:03','2013-04-17 16:10:03',2),(2,'Telecomunicaciones',5,1,NULL,NULL,NULL,NULL,1,1,'2013-04-17 16:10:27','2013-04-17 16:10:27',1),(2,'Telecomunicaciones',5,1,2,1,2,0,1,1,'2013-04-17 16:10:27','2013-04-17 16:10:27',2),(3,'Industrial',7,1,NULL,NULL,NULL,NULL,1,1,'2013-04-17 16:12:38','2013-04-17 16:12:38',1),(3,'Industrial',7,1,3,1,2,0,1,1,'2013-04-17 16:12:38','2013-04-17 16:12:38',2),(4,'Transmisión y Distribución electrica',6,1,NULL,NULL,NULL,NULL,1,1,'2013-04-17 16:13:18','2013-04-17 16:13:18',1),(4,'Transmisión y Distribución electrica',6,1,4,1,2,0,1,1,'2013-04-17 16:13:18','2013-04-17 16:13:18',2),(4,'Transmisión y Distribución eléctrica',6,1,4,1,2,0,1,1,'2013-04-17 16:13:18','2013-04-26 19:26:25',3),(5,'Sistema Portacable',4,1,NULL,NULL,NULL,NULL,1,1,'2013-04-17 16:13:48','2013-04-17 16:13:48',1),(5,'Sistema Portacable',4,1,5,1,2,0,1,1,'2013-04-17 16:13:48','2013-04-17 16:13:48',2),(6,'Test',NULL,1,NULL,NULL,NULL,NULL,1,1,'2013-04-18 15:44:32','2013-04-18 15:44:32',1),(6,'Test',NULL,1,1,2,3,1,1,1,'2013-04-18 15:44:32','2013-04-18 15:44:32',2),(6,'Categoria de Construcción',NULL,1,1,2,3,1,1,1,'2013-04-18 15:44:32','2013-04-25 22:53:58',3),(7,'Sistemas deTtipo Malla',NULL,1,NULL,NULL,NULL,NULL,1,1,'2013-04-25 19:16:06','2013-04-25 19:16:06',1),(7,'Sistemas deTtipo Malla',NULL,1,5,2,3,1,1,1,'2013-04-25 19:16:06','2013-04-25 19:16:06',2),(8,'Sistema Escalera',NULL,1,NULL,NULL,NULL,NULL,1,1,'2013-04-25 19:16:24','2013-04-25 19:16:24',1),(8,'Sistema Escalera',NULL,1,5,2,3,1,1,1,'2013-04-25 19:16:24','2013-04-25 19:16:24',2);

/*Table structure for table `contact` */

DROP TABLE IF EXISTS `contact`;

CREATE TABLE `contact` (
  `id` bigint(20) NOT NULL AUTO_INCREMENT,
  `name` varchar(200) COLLATE utf8_unicode_ci NOT NULL,
  `email` varchar(200) COLLATE utf8_unicode_ci NOT NULL,
  `comment` longtext COLLATE utf8_unicode_ci,
  `created_by` bigint(20) DEFAULT NULL,
  `updated_by` bigint(20) DEFAULT NULL,
  `created_at` datetime NOT NULL,
  `updated_at` datetime NOT NULL,
  `version` bigint(20) DEFAULT NULL,
  PRIMARY KEY (`id`),
  KEY `contact_created_by_idx` (`created_by`),
  KEY `contact_updated_by_idx` (`updated_by`),
  CONSTRAINT `contact_created_by_dm_user_id` FOREIGN KEY (`created_by`) REFERENCES `dm_user` (`id`),
  CONSTRAINT `contact_updated_by_dm_user_id` FOREIGN KEY (`updated_by`) REFERENCES `dm_user` (`id`)
) ENGINE=InnoDB DEFAULT CHARSET=utf8 COLLATE=utf8_unicode_ci;

/*Data for the table `contact` */

/*Table structure for table `contact_version` */

DROP TABLE IF EXISTS `contact_version`;

CREATE TABLE `contact_version` (
  `id` bigint(20) NOT NULL DEFAULT '0',
  `name` varchar(200) COLLATE utf8_unicode_ci NOT NULL,
  `email` varchar(200) COLLATE utf8_unicode_ci NOT NULL,
  `comment` longtext COLLATE utf8_unicode_ci,
  `created_by` bigint(20) DEFAULT NULL,
  `updated_by` bigint(20) DEFAULT NULL,
  `created_at` datetime NOT NULL,
  `updated_at` datetime NOT NULL,
  `version` bigint(20) NOT NULL DEFAULT '0',
  PRIMARY KEY (`id`,`version`),
  KEY `contact_version_id_idx` (`id`),
  CONSTRAINT `contact_version_id_contact_id` FOREIGN KEY (`id`) REFERENCES `contact` (`id`) ON DELETE CASCADE ON UPDATE CASCADE
) ENGINE=InnoDB DEFAULT CHARSET=utf8 COLLATE=utf8_unicode_ci;

/*Data for the table `contact_version` */

/*Table structure for table `dm_area` */

DROP TABLE IF EXISTS `dm_area`;

CREATE TABLE `dm_area` (
  `id` bigint(20) NOT NULL AUTO_INCREMENT,
  `dm_layout_id` bigint(20) DEFAULT NULL,
  `dm_page_view_id` bigint(20) DEFAULT NULL,
  `type` varchar(255) COLLATE utf8_unicode_ci NOT NULL,
  PRIMARY KEY (`id`),
  KEY `dm_layout_id_idx` (`dm_layout_id`),
  KEY `dm_page_view_id_idx` (`dm_page_view_id`),
  CONSTRAINT `dm_area_dm_layout_id_dm_layout_id` FOREIGN KEY (`dm_layout_id`) REFERENCES `dm_layout` (`id`) ON DELETE CASCADE,
  CONSTRAINT `dm_area_dm_page_view_id_dm_page_view_id` FOREIGN KEY (`dm_page_view_id`) REFERENCES `dm_page_view` (`id`) ON DELETE CASCADE
) ENGINE=InnoDB AUTO_INCREMENT=50 DEFAULT CHARSET=utf8 COLLATE=utf8_unicode_ci;

/*Data for the table `dm_area` */

insert  into `dm_area`(`id`,`dm_layout_id`,`dm_page_view_id`,`type`) values (1,NULL,2,'1'),(2,NULL,3,'1'),(3,1,NULL,'top'),(4,1,NULL,'left'),(5,NULL,1,'content'),(6,1,NULL,'right'),(7,1,NULL,'bottom'),(8,NULL,1,'banner'),(9,NULL,1,'content_full'),(10,NULL,5,'banner'),(11,NULL,5,'content_full'),(12,NULL,6,'banner'),(13,NULL,6,'content_full'),(14,NULL,7,'banner'),(15,NULL,7,'content_full'),(16,NULL,2,'banner'),(17,NULL,2,'content_full'),(18,NULL,4,'banner'),(19,NULL,4,'content_full'),(20,NULL,9,'banner'),(21,NULL,9,'content_full'),(22,NULL,10,'banner'),(23,NULL,10,'content_full'),(24,NULL,8,'banner'),(25,NULL,8,'content_full'),(26,2,NULL,'top'),(27,2,NULL,'left'),(28,2,NULL,'right'),(29,2,NULL,'bottom'),(30,2,NULL,'content'),(31,NULL,8,'content'),(32,NULL,10,'content'),(33,3,NULL,'top'),(34,3,NULL,'left'),(35,3,NULL,'right'),(36,3,NULL,'bottom'),(37,3,NULL,'content'),(38,NULL,9,'content'),(39,4,NULL,'top'),(40,4,NULL,'left'),(41,4,NULL,'right'),(42,4,NULL,'bottom'),(43,4,NULL,'menu'),(44,NULL,4,'content'),(45,5,NULL,'top'),(46,5,NULL,'left'),(47,5,NULL,'right'),(48,5,NULL,'bottom'),(49,5,NULL,'content');

/*Table structure for table `dm_auto_seo` */

DROP TABLE IF EXISTS `dm_auto_seo`;

CREATE TABLE `dm_auto_seo` (
  `id` bigint(20) NOT NULL AUTO_INCREMENT,
  `module` varchar(127) COLLATE utf8_unicode_ci NOT NULL,
  `action` varchar(127) COLLATE utf8_unicode_ci NOT NULL,
  `created_at` datetime NOT NULL,
  `updated_at` datetime NOT NULL,
  PRIMARY KEY (`id`),
  UNIQUE KEY `dmAutoSeoModuleAction_idx` (`module`,`action`)
) ENGINE=InnoDB AUTO_INCREMENT=4 DEFAULT CHARSET=utf8 COLLATE=utf8_unicode_ci;

/*Data for the table `dm_auto_seo` */

insert  into `dm_auto_seo`(`id`,`module`,`action`,`created_at`,`updated_at`) values (1,'category','show','2013-04-17 16:49:15','2013-04-17 16:49:15'),(2,'product','show','2013-04-17 16:49:15','2013-04-17 16:49:15'),(3,'newItem','show','2013-04-18 00:04:15','2013-04-18 00:04:15');

/*Table structure for table `dm_auto_seo_translation` */

DROP TABLE IF EXISTS `dm_auto_seo_translation`;

CREATE TABLE `dm_auto_seo_translation` (
  `id` bigint(20) NOT NULL DEFAULT '0',
  `slug` varchar(255) COLLATE utf8_unicode_ci NOT NULL,
  `name` varchar(255) COLLATE utf8_unicode_ci NOT NULL,
  `title` varchar(255) COLLATE utf8_unicode_ci NOT NULL,
  `h1` varchar(255) COLLATE utf8_unicode_ci DEFAULT NULL,
  `description` varchar(255) COLLATE utf8_unicode_ci DEFAULT NULL,
  `keywords` varchar(255) COLLATE utf8_unicode_ci DEFAULT NULL,
  `strip_words` text COLLATE utf8_unicode_ci,
  `lang` char(7) COLLATE utf8_unicode_ci NOT NULL DEFAULT '',
  PRIMARY KEY (`id`,`lang`),
  CONSTRAINT `dm_auto_seo_translation_id_dm_auto_seo_id` FOREIGN KEY (`id`) REFERENCES `dm_auto_seo` (`id`) ON DELETE CASCADE ON UPDATE CASCADE
) ENGINE=InnoDB DEFAULT CHARSET=utf8 COLLATE=utf8_unicode_ci;

/*Data for the table `dm_auto_seo_translation` */

insert  into `dm_auto_seo_translation`(`id`,`slug`,`name`,`title`,`h1`,`description`,`keywords`,`strip_words`,`lang`) values (1,'%category.name%.html','%category.name%','%category.name%',NULL,'%category.name%',NULL,NULL,'es'),(2,'%product.name%.html','%product.name%','%product.name%',NULL,'%product.name%',NULL,NULL,'es'),(3,'%new_item.title%.html','%new_item.title%','%new_item.title%',NULL,'%new_item.title%',NULL,NULL,'es');

/*Table structure for table `dm_behavior` */

DROP TABLE IF EXISTS `dm_behavior`;

CREATE TABLE `dm_behavior` (
  `id` bigint(20) NOT NULL AUTO_INCREMENT,
  `dm_behavior_key` varchar(255) COLLATE utf8_unicode_ci NOT NULL,
  `dm_behavior_attached_to` varchar(255) COLLATE utf8_unicode_ci NOT NULL,
  `dm_behavior_attached_to_selector` varchar(255) COLLATE utf8_unicode_ci NOT NULL,
  `dm_page_id` bigint(20) DEFAULT NULL,
  `dm_area_id` bigint(20) DEFAULT NULL,
  `dm_zone_id` bigint(20) DEFAULT NULL,
  `dm_widget_id` bigint(20) DEFAULT NULL,
  `position` bigint(20) DEFAULT NULL,
  `updated_at` datetime NOT NULL,
  PRIMARY KEY (`id`),
  KEY `dm_page_id_idx` (`dm_page_id`),
  KEY `dm_area_id_idx` (`dm_area_id`),
  KEY `dm_zone_id_idx` (`dm_zone_id`),
  KEY `dm_widget_id_idx` (`dm_widget_id`),
  CONSTRAINT `dm_behavior_dm_area_id_dm_area_id` FOREIGN KEY (`dm_area_id`) REFERENCES `dm_area` (`id`) ON DELETE CASCADE,
  CONSTRAINT `dm_behavior_dm_page_id_dm_page_id` FOREIGN KEY (`dm_page_id`) REFERENCES `dm_page` (`id`) ON DELETE CASCADE,
  CONSTRAINT `dm_behavior_dm_widget_id_dm_widget_id` FOREIGN KEY (`dm_widget_id`) REFERENCES `dm_widget` (`id`) ON DELETE CASCADE,
  CONSTRAINT `dm_behavior_dm_zone_id_dm_zone_id` FOREIGN KEY (`dm_zone_id`) REFERENCES `dm_zone` (`id`) ON DELETE CASCADE
) ENGINE=InnoDB AUTO_INCREMENT=2 DEFAULT CHARSET=utf8 COLLATE=utf8_unicode_ci;

/*Data for the table `dm_behavior` */

insert  into `dm_behavior`(`id`,`dm_behavior_key`,`dm_behavior_attached_to`,`dm_behavior_attached_to_selector`,`dm_page_id`,`dm_area_id`,`dm_zone_id`,`dm_widget_id`,`position`,`updated_at`) values (1,'dmColorboxBehavior','widget','',NULL,NULL,NULL,34,1,'2013-04-18 21:05:51');

/*Table structure for table `dm_behavior_translation` */

DROP TABLE IF EXISTS `dm_behavior_translation`;

CREATE TABLE `dm_behavior_translation` (
  `id` bigint(20) NOT NULL DEFAULT '0',
  `dm_behavior_enabled` tinyint(1) NOT NULL DEFAULT '1',
  `dm_behavior_value` text COLLATE utf8_unicode_ci,
  `lang` char(7) COLLATE utf8_unicode_ci NOT NULL DEFAULT '',
  PRIMARY KEY (`id`,`lang`),
  CONSTRAINT `dm_behavior_translation_id_dm_behavior_id` FOREIGN KEY (`id`) REFERENCES `dm_behavior` (`id`) ON DELETE CASCADE ON UPDATE CASCADE
) ENGINE=InnoDB DEFAULT CHARSET=utf8 COLLATE=utf8_unicode_ci;

/*Data for the table `dm_behavior_translation` */

insert  into `dm_behavior_translation`(`id`,`dm_behavior_enabled`,`dm_behavior_value`,`lang`) values (1,1,'{\"inner_target\":\"a.pop\",\"transition\":\"elastic\",\"speed\":\"350\",\"opacity\":\"0.85\",\"rel\":\"pop_up\",\"current\":\"image {current} of {total}\",\"previous\":\"previous\",\"next\":\"next\",\"close\":\"close\",\"onComplete\":\"\",\"width\":\"\",\"height\":\"\",\"innerWidth\":\"\",\"innerHeight\":\"\",\"initialWidth\":\"300\",\"initialHeight\":\"100\",\"maxWidth\":\"\",\"maxHeight\":\"\",\"slideshowSpeed\":\"2500\",\"slideshowStart\":\"start slideshow\",\"slideshowStop\":\"stop slideshow\",\"overlayClose\":false,\"escKey\":false,\"arrowKey\":false,\"loop\":false,\"iframe\":false,\"slideshow\":false,\"slideshowAuto\":false}','es');

/*Table structure for table `dm_catalogue` */

DROP TABLE IF EXISTS `dm_catalogue`;

CREATE TABLE `dm_catalogue` (
  `id` bigint(20) NOT NULL AUTO_INCREMENT,
  `name` varchar(255) COLLATE utf8_unicode_ci NOT NULL,
  `source_lang` varchar(15) COLLATE utf8_unicode_ci NOT NULL,
  `target_lang` varchar(15) COLLATE utf8_unicode_ci NOT NULL,
  PRIMARY KEY (`id`)
) ENGINE=InnoDB AUTO_INCREMENT=3 DEFAULT CHARSET=utf8 COLLATE=utf8_unicode_ci;

/*Data for the table `dm_catalogue` */

insert  into `dm_catalogue`(`id`,`name`,`source_lang`,`target_lang`) values (1,'messages.es','en','es'),(2,'dm.es','en','es');

/*Table structure for table `dm_error` */

DROP TABLE IF EXISTS `dm_error`;

CREATE TABLE `dm_error` (
  `id` bigint(20) NOT NULL AUTO_INCREMENT,
  `php_class` varchar(127) COLLATE utf8_unicode_ci NOT NULL,
  `name` varchar(255) COLLATE utf8_unicode_ci NOT NULL,
  `description` text COLLATE utf8_unicode_ci,
  `module` varchar(127) COLLATE utf8_unicode_ci DEFAULT NULL,
  `action` varchar(127) COLLATE utf8_unicode_ci DEFAULT NULL,
  `uri` varchar(255) COLLATE utf8_unicode_ci NOT NULL,
  `env` varchar(63) COLLATE utf8_unicode_ci NOT NULL,
  `created_at` datetime NOT NULL,
  PRIMARY KEY (`id`)
) ENGINE=InnoDB AUTO_INCREMENT=17 DEFAULT CHARSET=utf8 COLLATE=utf8_unicode_ci;

/*Data for the table `dm_error` */

insert  into `dm_error`(`id`,`php_class`,`name`,`description`,`module`,`action`,`uri`,`env`,`created_at`) values (1,'sfError404Exception','No widget found','No widget found\n#0 C:\\xampp\\htdocs\\megacables\\dm\\dmFrontPlugin\\modules\\dmWidget\\lib\\BasedmWidgetActions.class.php(345): sfAction->forward404Unless(false, \'No widget found\')\n#1 C:\\xampp\\htdocs\\megacables\\dm\\dmFrontPlugin\\modules\\dmWidget\\lib\\BasedmWidgetActions.class.php(292): BasedmWidgetActions->requireWidget(\'moved_dm_widget\')\n#2 C:\\xampp\\htdocs\\megacables\\dm\\symfony\\lib\\action\\sfActions.class.php(60): BasedmWidgetActions->executeMove(Object(dmWebRequest))\n#3 C:\\xampp\\htdocs\\megacables\\dm\\symfony\\lib\\filter\\sfExecutionFilter.class.php(92): sfActions->execute(Object(dmWebRequest))\n#4 C:\\xampp\\htdocs\\megacables\\dm\\symfony\\lib\\filter\\sfExecutionFilter.class.php(78): sfExecutionFilter->executeAction(Object(dmWidgetActions))\n#5 C:\\xampp\\htdocs\\megacables\\dm\\symfony\\lib\\filter\\sfExecutionFilter.class.php(42): sfExecutionFilter->handleAction(Object(sfFilterChain), Object(dmWidgetActions))\n#6 C:\\xampp\\htdocs\\megacables\\dm\\symfony\\lib\\filter\\sfFilterChain.class.php(53): sfExecutionFilter->execute(Object(sfFilterChain))\n#7 C:\\xampp\\htdocs\\megacables\\dm\\dmFrontPlugin\\lib\\filter\\dmFrontInitFilter.php(34): sfFilterChain->execute()\n#8 C:\\xampp\\htdocs\\megacables\\dm\\symfony\\lib\\filter\\sfFilterChain.class.php(53): dmFrontInitFilter->execute(Object(sfFilterChain))\n#9 C:\\xampp\\htdocs\\megacables\\dm\\symfony\\lib\\filter\\sfBasicSecurityFilter.class.php(72): sfFilterChain->execute()\n#10 C:\\xampp\\htdocs\\megacables\\dm\\symfony\\lib\\filter\\sfFilterChain.class.php(53): sfBasicSecurityFilter->execute(Object(sfFilterChain))\n#11 C:\\xampp\\htdocs\\megacables\\dm\\dmCorePlugin\\plugins\\dmUserPlugin\\lib\\dmRememberMeFilter.class.php(56): sfFilterChain->execute()\n#12 C:\\xampp\\htdocs\\megacables\\dm\\symfony\\lib\\filter\\sfFilterChain.class.php(53): dmRememberMeFilter->execute(Object(sfFilterChain))\n#13 C:\\xampp\\htdocs\\megacables\\dm\\symfony\\lib\\filter\\sfRenderingFilter.class.php(33): sfFilterChain->execute()\n#14 C:\\xampp\\htdocs\\megacables\\dm\\symfony\\lib\\filter\\sfFilterChain.class.php(53): sfRenderingFilter->execute(Object(sfFilterChain))\n#15 C:\\xampp\\htdocs\\megacables\\dm\\symfony\\lib\\controller\\sfController.class.php(238): sfFilterChain->execute()\n#16 C:\\xampp\\htdocs\\megacables\\dm\\dmCorePlugin\\lib\\controller\\dmFrontWebController.php(38): sfController->forward(\'dmWidget\', \'move\')\n#17 C:\\xampp\\htdocs\\megacables\\dm\\dmCorePlugin\\lib\\context\\dmContext.php(290): dmFrontWebController->dispatch()\n#18 C:\\xampp\\htdocs\\megacables\\web\\dev.php(7): dmContext->dispatch()\n#19 {main}','dmWidget','move','http://megacables.dev/dev.php/+/dmWidget/move?moved_dm_widget=[object%20Object]&to_dm_zone=7&dm_widget[]=7&dm_cpi=1&dm_xhr=1&_=1366209459184','dev','2013-04-17 16:37:40'),(2,'Twig_Error_Runtime','An exception has been thrown during the rendering of a template (\"category module has no page\").','An exception has been thrown during the rendering of a template (\"category module has no page\").\n#0 C:\\xampp\\htdocs\\megacables\\dm\\dmCorePlugin\\plugins\\sfTwigPlugin\\lib\\vendor\\Twig\\lib\\Twig\\Template.php(234): Twig_Template->displayWithErrorHandling(Array, Array)\n#1 C:\\xampp\\htdocs\\megacables\\dm\\dmCorePlugin\\plugins\\sfTwigPlugin\\lib\\vendor\\Twig\\lib\\Twig\\Template.php(245): Twig_Template->display(Array)\n#2 C:\\xampp\\htdocs\\megacables\\dm\\dmCorePlugin\\plugins\\sfTwigPlugin\\lib\\view\\sfTwigView.class.php(129): Twig_Template->render(Array)\n#3 C:\\xampp\\htdocs\\megacables\\dm\\symfony\\lib\\view\\sfPHPView.class.php(185): sfTwigView->renderFile(\'C:\\xampp\\htdocs...\')\n#4 C:\\xampp\\htdocs\\megacables\\dm\\symfony\\lib\\helper\\PartialHelper.php(155): sfPHPView->render()\n#5 C:\\xampp\\htdocs\\megacables\\dm\\dmCorePlugin\\lib\\view\\dmHelper.php(58): get_component(\'category\', \'list\', Array)\n#6 C:\\xampp\\htdocs\\megacables\\dm\\dmFrontPlugin\\lib\\dmWidget\\base\\dmWidgetBaseView.php(150): dmHelper->renderComponent(\'category\', \'list\', Array)\n#7 C:\\xampp\\htdocs\\megacables\\dm\\dmFrontPlugin\\lib\\dmWidget\\base\\dmWidgetBaseView.php(141): dmWidgetBaseView->doRenderPartial(Array)\n#8 C:\\xampp\\htdocs\\megacables\\dm\\dmFrontPlugin\\lib\\dmWidget\\base\\dmWidgetBaseView.php(120): dmWidgetBaseView->renderPartial(Array)\n#9 C:\\xampp\\htdocs\\megacables\\dm\\dmFrontPlugin\\lib\\dmWidget\\base\\dmWidgetBaseView.php(108): dmWidgetBaseView->doRender()\n#10 C:\\xampp\\htdocs\\megacables\\dm\\dmFrontPlugin\\lib\\view\\html\\widget\\dmFrontWidgetRenderer.php(70): dmWidgetBaseView->render()\n#11 C:\\xampp\\htdocs\\megacables\\dm\\dmFrontPlugin\\lib\\view\\html\\widget\\dmFrontWidgetRenderer.php(43): dmFrontWidgetRenderer->doRender()\n#12 C:\\xampp\\htdocs\\megacables\\dm\\dmFrontPlugin\\lib\\view\\html\\page\\dmFrontPageBaseHelper.php(407): dmFrontWidgetRenderer->getHtml()\n#13 C:\\xampp\\htdocs\\megacables\\dm\\dmFrontPlugin\\lib\\view\\html\\page\\dmFrontPageEditHelper.php(225): dmFrontPageBaseHelper->renderWidgetInner(Array)\n#14 C:\\xampp\\htdocs\\megacables\\dm\\dmFrontPlugin\\lib\\view\\html\\page\\dmFrontPageBaseHelper.php(329): dmFrontPageEditHelper->renderWidget(Array)\n#15 C:\\xampp\\htdocs\\megacables\\dm\\dmFrontPlugin\\lib\\view\\html\\page\\dmFrontPageEditHelper.php(113): dmFrontPageBaseHelper->renderZoneInner(Array)\n#16 C:\\xampp\\htdocs\\megacables\\dm\\dmFrontPlugin\\lib\\view\\html\\page\\dmFrontPageBaseHelper.php(272): dmFrontPageEditHelper->renderZone(Array)\n#17 C:\\xampp\\htdocs\\megacables\\dm\\dmFrontPlugin\\lib\\view\\html\\page\\dmFrontPageEditHelper.php(73): dmFrontPageBaseHelper->renderAreaInner(Array)\n#18 [internal function]: dmFrontPageEditHelper->renderArea(\'page.banner\', \'.clearfix\')\n#19 C:\\xampp\\htdocs\\megacables\\dm\\dmCorePlugin\\plugins\\sfTwigPlugin\\lib\\vendor\\Twig\\lib\\Twig\\Template.php(440): call_user_func_array(Array, Array)\n#20 C:\\xampp\\htdocs\\megacables\\dm\\dmCorePlugin\\plugins\\sfTwigPlugin\\lib\\vendor\\Twig\\lib\\Twig\\Environment.php(314) : eval()\'d code(22): Twig_Template->getAttribute(Object(dmFrontPageEditHelper), \'renderArea\', Array, \'method\')\n#21 C:\\xampp\\htdocs\\megacables\\dm\\dmCorePlugin\\plugins\\sfTwigPlugin\\lib\\vendor\\Twig\\lib\\Twig\\Template.php(273): __TwigTemplate_cfb4dbe081e67ab874c02913f9e0316f->doDisplay(Array, Array)\n#22 C:\\xampp\\htdocs\\megacables\\dm\\dmCorePlugin\\plugins\\sfTwigPlugin\\lib\\vendor\\Twig\\lib\\Twig\\Template.php(234): Twig_Template->displayWithErrorHandling(Array, Array)\n#23 C:\\xampp\\htdocs\\megacables\\dm\\dmCorePlugin\\plugins\\sfTwigPlugin\\lib\\vendor\\Twig\\lib\\Twig\\Template.php(245): Twig_Template->display(Array)\n#24 C:\\xampp\\htdocs\\megacables\\dm\\dmCorePlugin\\plugins\\sfTwigPlugin\\lib\\view\\sfTwigView.class.php(129): Twig_Template->render(Array)\n#25 C:\\xampp\\htdocs\\megacables\\dm\\symfony\\lib\\view\\sfPHPView.class.php(185): sfTwigView->renderFile(\'C:\\xampp\\htdocs...\')\n#26 C:\\xampp\\htdocs\\megacables\\dm\\symfony\\lib\\filter\\sfExecutionFilter.class.php(155): sfPHPView->render()\n#27 C:\\xampp\\htdocs\\megacables\\dm\\symfony\\lib\\filter\\sfExecutionFilter.class.php(116): sfExecutionFilter->executeView(\'dmFront\', \'page\', \'Success\', Array)\n#28 C:\\xampp\\htdocs\\megacables\\dm\\symfony\\lib\\filter\\sfExecutionFilter.class.php(47): sfExecutionFilter->handleView(Object(sfFilterChain), Object(dmFrontActions), \'Success\')\n#29 C:\\xampp\\htdocs\\megacables\\dm\\symfony\\lib\\filter\\sfFilterChain.class.php(53): sfExecutionFilter->execute(Object(sfFilterChain))\n#30 C:\\xampp\\htdocs\\megacables\\dm\\dmFrontPlugin\\lib\\filter\\dmFrontInitFilter.php(34): sfFilterChain->execute()\n#31 C:\\xampp\\htdocs\\megacables\\dm\\symfony\\lib\\filter\\sfFilterChain.class.php(53): dmFrontInitFilter->execute(Object(sfFilterChain))\n#32 C:\\xampp\\htdocs\\megacables\\dm\\dmCorePlugin\\plugins\\dmUserPlugin\\lib\\dmRememberMeFilter.class.php(56): sfFilterChain->execute()\n#33 C:\\xampp\\htdocs\\megacables\\dm\\symfony\\lib\\filter\\sfFilterChain.class.php(53): dmRememberMeFilter->execute(Object(sfFilterChain))\n#34 C:\\xampp\\htdocs\\megacables\\dm\\symfony\\lib\\filter\\sfRenderingFilter.class.php(33): sfFilterChain->execute()\n#35 C:\\xampp\\htdocs\\megacables\\dm\\symfony\\lib\\filter\\sfFilterChain.class.php(53): sfRenderingFilter->execute(Object(sfFilterChain))\n#36 C:\\xampp\\htdocs\\megacables\\dm\\symfony\\lib\\controller\\sfController.class.php(238): sfFilterChain->execute()\n#37 C:\\xampp\\htdocs\\megacables\\dm\\dmCorePlugin\\lib\\controller\\dmFrontWebController.php(38): sfController->forward(\'dmFront\', \'page\')\n#38 C:\\xampp\\htdocs\\megacables\\dm\\dmCorePlugin\\lib\\context\\dmContext.php(290): dmFrontWebController->dispatch()\n#39 C:\\xampp\\htdocs\\megacables\\web\\dev.php(7): dmContext->dispatch()\n#40 {main}','dmFront','page','http://megacables.dev/dev.php?dm_debug=1','dev','2013-04-17 16:48:31'),(3,'Twig_Error_Runtime','An exception has been thrown during the rendering of a template (\"category module has no page\").','An exception has been thrown during the rendering of a template (\"category module has no page\").\n#0 C:\\xampp\\htdocs\\megacables\\dm\\dmCorePlugin\\plugins\\sfTwigPlugin\\lib\\vendor\\Twig\\lib\\Twig\\Template.php(234): Twig_Template->displayWithErrorHandling(Array, Array)\n#1 C:\\xampp\\htdocs\\megacables\\dm\\dmCorePlugin\\plugins\\sfTwigPlugin\\lib\\vendor\\Twig\\lib\\Twig\\Template.php(245): Twig_Template->display(Array)\n#2 C:\\xampp\\htdocs\\megacables\\dm\\dmCorePlugin\\plugins\\sfTwigPlugin\\lib\\view\\sfTwigView.class.php(129): Twig_Template->render(Array)\n#3 C:\\xampp\\htdocs\\megacables\\dm\\symfony\\lib\\view\\sfPHPView.class.php(185): sfTwigView->renderFile(\'C:\\xampp\\htdocs...\')\n#4 C:\\xampp\\htdocs\\megacables\\dm\\symfony\\lib\\helper\\PartialHelper.php(155): sfPHPView->render()\n#5 C:\\xampp\\htdocs\\megacables\\dm\\dmCorePlugin\\lib\\view\\dmHelper.php(58): get_component(\'category\', \'list\', Array)\n#6 C:\\xampp\\htdocs\\megacables\\dm\\dmFrontPlugin\\lib\\dmWidget\\base\\dmWidgetBaseView.php(150): dmHelper->renderComponent(\'category\', \'list\', Array)\n#7 C:\\xampp\\htdocs\\megacables\\dm\\dmFrontPlugin\\lib\\dmWidget\\base\\dmWidgetBaseView.php(141): dmWidgetBaseView->doRenderPartial(Array)\n#8 C:\\xampp\\htdocs\\megacables\\dm\\dmFrontPlugin\\lib\\dmWidget\\base\\dmWidgetBaseView.php(120): dmWidgetBaseView->renderPartial(Array)\n#9 C:\\xampp\\htdocs\\megacables\\dm\\dmFrontPlugin\\lib\\dmWidget\\base\\dmWidgetBaseView.php(108): dmWidgetBaseView->doRender()\n#10 C:\\xampp\\htdocs\\megacables\\dm\\dmFrontPlugin\\lib\\view\\html\\widget\\dmFrontWidgetRenderer.php(70): dmWidgetBaseView->render()\n#11 C:\\xampp\\htdocs\\megacables\\dm\\dmFrontPlugin\\lib\\view\\html\\widget\\dmFrontWidgetRenderer.php(43): dmFrontWidgetRenderer->doRender()\n#12 C:\\xampp\\htdocs\\megacables\\dm\\dmFrontPlugin\\lib\\view\\html\\page\\dmFrontPageBaseHelper.php(407): dmFrontWidgetRenderer->getHtml()\n#13 C:\\xampp\\htdocs\\megacables\\dm\\dmFrontPlugin\\lib\\view\\html\\page\\dmFrontPageEditHelper.php(225): dmFrontPageBaseHelper->renderWidgetInner(Array)\n#14 C:\\xampp\\htdocs\\megacables\\dm\\dmFrontPlugin\\lib\\view\\html\\page\\dmFrontPageBaseHelper.php(329): dmFrontPageEditHelper->renderWidget(Array)\n#15 C:\\xampp\\htdocs\\megacables\\dm\\dmFrontPlugin\\lib\\view\\html\\page\\dmFrontPageEditHelper.php(113): dmFrontPageBaseHelper->renderZoneInner(Array)\n#16 C:\\xampp\\htdocs\\megacables\\dm\\dmFrontPlugin\\lib\\view\\html\\page\\dmFrontPageBaseHelper.php(272): dmFrontPageEditHelper->renderZone(Array)\n#17 C:\\xampp\\htdocs\\megacables\\dm\\dmFrontPlugin\\lib\\view\\html\\page\\dmFrontPageEditHelper.php(73): dmFrontPageBaseHelper->renderAreaInner(Array)\n#18 [internal function]: dmFrontPageEditHelper->renderArea(\'page.banner\', \'.clearfix\')\n#19 C:\\xampp\\htdocs\\megacables\\dm\\dmCorePlugin\\plugins\\sfTwigPlugin\\lib\\vendor\\Twig\\lib\\Twig\\Template.php(440): call_user_func_array(Array, Array)\n#20 C:\\xampp\\htdocs\\megacables\\dm\\dmCorePlugin\\plugins\\sfTwigPlugin\\lib\\vendor\\Twig\\lib\\Twig\\Environment.php(314) : eval()\'d code(22): Twig_Template->getAttribute(Object(dmFrontPageEditHelper), \'renderArea\', Array, \'method\')\n#21 C:\\xampp\\htdocs\\megacables\\dm\\dmCorePlugin\\plugins\\sfTwigPlugin\\lib\\vendor\\Twig\\lib\\Twig\\Template.php(273): __TwigTemplate_cfb4dbe081e67ab874c02913f9e0316f->doDisplay(Array, Array)\n#22 C:\\xampp\\htdocs\\megacables\\dm\\dmCorePlugin\\plugins\\sfTwigPlugin\\lib\\vendor\\Twig\\lib\\Twig\\Template.php(234): Twig_Template->displayWithErrorHandling(Array, Array)\n#23 C:\\xampp\\htdocs\\megacables\\dm\\dmCorePlugin\\plugins\\sfTwigPlugin\\lib\\vendor\\Twig\\lib\\Twig\\Template.php(245): Twig_Template->display(Array)\n#24 C:\\xampp\\htdocs\\megacables\\dm\\dmCorePlugin\\plugins\\sfTwigPlugin\\lib\\view\\sfTwigView.class.php(129): Twig_Template->render(Array)\n#25 C:\\xampp\\htdocs\\megacables\\dm\\symfony\\lib\\view\\sfPHPView.class.php(185): sfTwigView->renderFile(\'C:\\xampp\\htdocs...\')\n#26 C:\\xampp\\htdocs\\megacables\\dm\\symfony\\lib\\filter\\sfExecutionFilter.class.php(155): sfPHPView->render()\n#27 C:\\xampp\\htdocs\\megacables\\dm\\symfony\\lib\\filter\\sfExecutionFilter.class.php(116): sfExecutionFilter->executeView(\'dmFront\', \'page\', \'Success\', Array)\n#28 C:\\xampp\\htdocs\\megacables\\dm\\symfony\\lib\\filter\\sfExecutionFilter.class.php(47): sfExecutionFilter->handleView(Object(sfFilterChain), Object(dmFrontActions), \'Success\')\n#29 C:\\xampp\\htdocs\\megacables\\dm\\symfony\\lib\\filter\\sfFilterChain.class.php(53): sfExecutionFilter->execute(Object(sfFilterChain))\n#30 C:\\xampp\\htdocs\\megacables\\dm\\dmFrontPlugin\\lib\\filter\\dmFrontInitFilter.php(34): sfFilterChain->execute()\n#31 C:\\xampp\\htdocs\\megacables\\dm\\symfony\\lib\\filter\\sfFilterChain.class.php(53): dmFrontInitFilter->execute(Object(sfFilterChain))\n#32 C:\\xampp\\htdocs\\megacables\\dm\\dmCorePlugin\\plugins\\dmUserPlugin\\lib\\dmRememberMeFilter.class.php(56): sfFilterChain->execute()\n#33 C:\\xampp\\htdocs\\megacables\\dm\\symfony\\lib\\filter\\sfFilterChain.class.php(53): dmRememberMeFilter->execute(Object(sfFilterChain))\n#34 C:\\xampp\\htdocs\\megacables\\dm\\symfony\\lib\\filter\\sfRenderingFilter.class.php(33): sfFilterChain->execute()\n#35 C:\\xampp\\htdocs\\megacables\\dm\\symfony\\lib\\filter\\sfFilterChain.class.php(53): sfRenderingFilter->execute(Object(sfFilterChain))\n#36 C:\\xampp\\htdocs\\megacables\\dm\\symfony\\lib\\controller\\sfController.class.php(238): sfFilterChain->execute()\n#37 C:\\xampp\\htdocs\\megacables\\dm\\dmCorePlugin\\lib\\controller\\dmFrontWebController.php(38): sfController->forward(\'dmFront\', \'page\')\n#38 C:\\xampp\\htdocs\\megacables\\dm\\dmCorePlugin\\lib\\context\\dmContext.php(290): dmFrontWebController->dispatch()\n#39 C:\\xampp\\htdocs\\megacables\\web\\dev.php(7): dmContext->dispatch()\n#40 {main}','dmFront','page','http://megacables.dev/dev.php?dm_debug=1','dev','2013-04-17 16:48:32'),(4,'sfError404Exception','No widget found','No widget found\n#0 C:\\xampp\\htdocs\\megacables\\dm\\dmFrontPlugin\\modules\\dmWidget\\lib\\BasedmWidgetActions.class.php(345): sfAction->forward404Unless(false, \'No widget found\')\n#1 C:\\xampp\\htdocs\\megacables\\dm\\dmFrontPlugin\\modules\\dmWidget\\lib\\BasedmWidgetActions.class.php(292): BasedmWidgetActions->requireWidget(\'moved_dm_widget\')\n#2 C:\\xampp\\htdocs\\megacables\\dm\\symfony\\lib\\action\\sfActions.class.php(60): BasedmWidgetActions->executeMove(Object(dmWebRequest))\n#3 C:\\xampp\\htdocs\\megacables\\dm\\symfony\\lib\\filter\\sfExecutionFilter.class.php(92): sfActions->execute(Object(dmWebRequest))\n#4 C:\\xampp\\htdocs\\megacables\\dm\\symfony\\lib\\filter\\sfExecutionFilter.class.php(78): sfExecutionFilter->executeAction(Object(dmWidgetActions))\n#5 C:\\xampp\\htdocs\\megacables\\dm\\symfony\\lib\\filter\\sfExecutionFilter.class.php(42): sfExecutionFilter->handleAction(Object(sfFilterChain), Object(dmWidgetActions))\n#6 C:\\xampp\\htdocs\\megacables\\dm\\symfony\\lib\\filter\\sfFilterChain.class.php(53): sfExecutionFilter->execute(Object(sfFilterChain))\n#7 C:\\xampp\\htdocs\\megacables\\dm\\dmFrontPlugin\\lib\\filter\\dmFrontInitFilter.php(34): sfFilterChain->execute()\n#8 C:\\xampp\\htdocs\\megacables\\dm\\symfony\\lib\\filter\\sfFilterChain.class.php(53): dmFrontInitFilter->execute(Object(sfFilterChain))\n#9 C:\\xampp\\htdocs\\megacables\\dm\\symfony\\lib\\filter\\sfBasicSecurityFilter.class.php(72): sfFilterChain->execute()\n#10 C:\\xampp\\htdocs\\megacables\\dm\\symfony\\lib\\filter\\sfFilterChain.class.php(53): sfBasicSecurityFilter->execute(Object(sfFilterChain))\n#11 C:\\xampp\\htdocs\\megacables\\dm\\dmCorePlugin\\plugins\\dmUserPlugin\\lib\\dmRememberMeFilter.class.php(56): sfFilterChain->execute()\n#12 C:\\xampp\\htdocs\\megacables\\dm\\symfony\\lib\\filter\\sfFilterChain.class.php(53): dmRememberMeFilter->execute(Object(sfFilterChain))\n#13 C:\\xampp\\htdocs\\megacables\\dm\\symfony\\lib\\filter\\sfRenderingFilter.class.php(33): sfFilterChain->execute()\n#14 C:\\xampp\\htdocs\\megacables\\dm\\symfony\\lib\\filter\\sfFilterChain.class.php(53): sfRenderingFilter->execute(Object(sfFilterChain))\n#15 C:\\xampp\\htdocs\\megacables\\dm\\symfony\\lib\\controller\\sfController.class.php(238): sfFilterChain->execute()\n#16 C:\\xampp\\htdocs\\megacables\\dm\\dmCorePlugin\\lib\\controller\\dmFrontWebController.php(38): sfController->forward(\'dmWidget\', \'move\')\n#17 C:\\xampp\\htdocs\\megacables\\dm\\dmCorePlugin\\lib\\context\\dmContext.php(290): dmFrontWebController->dispatch()\n#18 C:\\xampp\\htdocs\\megacables\\web\\dev.php(7): dmContext->dispatch()\n#19 {main}','dmWidget','move','http://megacables.dev/dev.php/+/dmWidget/move?moved_dm_widget=[object%20Object]&to_dm_zone=17&dm_widget[]=9&dm_cpi=1&dm_xhr=1&_=1366225677061','dev','2013-04-17 21:07:58'),(5,'sfError404Exception','No widget found','No widget found\n#0 C:\\xampp\\htdocs\\megacables\\dm\\dmFrontPlugin\\modules\\dmWidget\\lib\\BasedmWidgetActions.class.php(345): sfAction->forward404Unless(false, \'No widget found\')\n#1 C:\\xampp\\htdocs\\megacables\\dm\\dmFrontPlugin\\modules\\dmWidget\\lib\\BasedmWidgetActions.class.php(292): BasedmWidgetActions->requireWidget(\'moved_dm_widget\')\n#2 C:\\xampp\\htdocs\\megacables\\dm\\symfony\\lib\\action\\sfActions.class.php(60): BasedmWidgetActions->executeMove(Object(dmWebRequest))\n#3 C:\\xampp\\htdocs\\megacables\\dm\\symfony\\lib\\filter\\sfExecutionFilter.class.php(92): sfActions->execute(Object(dmWebRequest))\n#4 C:\\xampp\\htdocs\\megacables\\dm\\symfony\\lib\\filter\\sfExecutionFilter.class.php(78): sfExecutionFilter->executeAction(Object(dmWidgetActions))\n#5 C:\\xampp\\htdocs\\megacables\\dm\\symfony\\lib\\filter\\sfExecutionFilter.class.php(42): sfExecutionFilter->handleAction(Object(sfFilterChain), Object(dmWidgetActions))\n#6 C:\\xampp\\htdocs\\megacables\\dm\\symfony\\lib\\filter\\sfFilterChain.class.php(53): sfExecutionFilter->execute(Object(sfFilterChain))\n#7 C:\\xampp\\htdocs\\megacables\\dm\\dmFrontPlugin\\lib\\filter\\dmFrontInitFilter.php(34): sfFilterChain->execute()\n#8 C:\\xampp\\htdocs\\megacables\\dm\\symfony\\lib\\filter\\sfFilterChain.class.php(53): dmFrontInitFilter->execute(Object(sfFilterChain))\n#9 C:\\xampp\\htdocs\\megacables\\dm\\symfony\\lib\\filter\\sfBasicSecurityFilter.class.php(72): sfFilterChain->execute()\n#10 C:\\xampp\\htdocs\\megacables\\dm\\symfony\\lib\\filter\\sfFilterChain.class.php(53): sfBasicSecurityFilter->execute(Object(sfFilterChain))\n#11 C:\\xampp\\htdocs\\megacables\\dm\\dmCorePlugin\\plugins\\dmUserPlugin\\lib\\dmRememberMeFilter.class.php(56): sfFilterChain->execute()\n#12 C:\\xampp\\htdocs\\megacables\\dm\\symfony\\lib\\filter\\sfFilterChain.class.php(53): dmRememberMeFilter->execute(Object(sfFilterChain))\n#13 C:\\xampp\\htdocs\\megacables\\dm\\symfony\\lib\\filter\\sfRenderingFilter.class.php(33): sfFilterChain->execute()\n#14 C:\\xampp\\htdocs\\megacables\\dm\\symfony\\lib\\filter\\sfFilterChain.class.php(53): sfRenderingFilter->execute(Object(sfFilterChain))\n#15 C:\\xampp\\htdocs\\megacables\\dm\\symfony\\lib\\controller\\sfController.class.php(238): sfFilterChain->execute()\n#16 C:\\xampp\\htdocs\\megacables\\dm\\dmCorePlugin\\lib\\controller\\dmFrontWebController.php(38): sfController->forward(\'dmWidget\', \'move\')\n#17 C:\\xampp\\htdocs\\megacables\\dm\\dmCorePlugin\\lib\\context\\dmContext.php(290): dmFrontWebController->dispatch()\n#18 C:\\xampp\\htdocs\\megacables\\web\\dev.php(7): dmContext->dispatch()\n#19 {main}','dmWidget','move','http://megacables.dev/dev.php/+/dmWidget/move?moved_dm_widget=[object%20Object]&to_dm_zone=35&dm_widget[]=38&dm_widget[]=39&dm_cpi=11&dm_xhr=1&_=1366304972470','dev','2013-04-18 19:09:33'),(6,'sfError404Exception','No widget found','No widget found\n#0 C:\\xampp\\htdocs\\megacables\\dm\\dmFrontPlugin\\modules\\dmWidget\\lib\\BasedmWidgetActions.class.php(345): sfAction->forward404Unless(false, \'No widget found\')\n#1 C:\\xampp\\htdocs\\megacables\\dm\\dmFrontPlugin\\modules\\dmWidget\\lib\\BasedmWidgetActions.class.php(292): BasedmWidgetActions->requireWidget(\'moved_dm_widget\')\n#2 C:\\xampp\\htdocs\\megacables\\dm\\symfony\\lib\\action\\sfActions.class.php(60): BasedmWidgetActions->executeMove(Object(dmWebRequest))\n#3 C:\\xampp\\htdocs\\megacables\\dm\\symfony\\lib\\filter\\sfExecutionFilter.class.php(92): sfActions->execute(Object(dmWebRequest))\n#4 C:\\xampp\\htdocs\\megacables\\dm\\symfony\\lib\\filter\\sfExecutionFilter.class.php(78): sfExecutionFilter->executeAction(Object(dmWidgetActions))\n#5 C:\\xampp\\htdocs\\megacables\\dm\\symfony\\lib\\filter\\sfExecutionFilter.class.php(42): sfExecutionFilter->handleAction(Object(sfFilterChain), Object(dmWidgetActions))\n#6 C:\\xampp\\htdocs\\megacables\\dm\\symfony\\lib\\filter\\sfFilterChain.class.php(53): sfExecutionFilter->execute(Object(sfFilterChain))\n#7 C:\\xampp\\htdocs\\megacables\\dm\\dmFrontPlugin\\lib\\filter\\dmFrontInitFilter.php(34): sfFilterChain->execute()\n#8 C:\\xampp\\htdocs\\megacables\\dm\\symfony\\lib\\filter\\sfFilterChain.class.php(53): dmFrontInitFilter->execute(Object(sfFilterChain))\n#9 C:\\xampp\\htdocs\\megacables\\dm\\symfony\\lib\\filter\\sfBasicSecurityFilter.class.php(72): sfFilterChain->execute()\n#10 C:\\xampp\\htdocs\\megacables\\dm\\symfony\\lib\\filter\\sfFilterChain.class.php(53): sfBasicSecurityFilter->execute(Object(sfFilterChain))\n#11 C:\\xampp\\htdocs\\megacables\\dm\\dmCorePlugin\\plugins\\dmUserPlugin\\lib\\dmRememberMeFilter.class.php(56): sfFilterChain->execute()\n#12 C:\\xampp\\htdocs\\megacables\\dm\\symfony\\lib\\filter\\sfFilterChain.class.php(53): dmRememberMeFilter->execute(Object(sfFilterChain))\n#13 C:\\xampp\\htdocs\\megacables\\dm\\symfony\\lib\\filter\\sfRenderingFilter.class.php(33): sfFilterChain->execute()\n#14 C:\\xampp\\htdocs\\megacables\\dm\\symfony\\lib\\filter\\sfFilterChain.class.php(53): sfRenderingFilter->execute(Object(sfFilterChain))\n#15 C:\\xampp\\htdocs\\megacables\\dm\\symfony\\lib\\controller\\sfController.class.php(238): sfFilterChain->execute()\n#16 C:\\xampp\\htdocs\\megacables\\dm\\dmCorePlugin\\lib\\controller\\dmFrontWebController.php(38): sfController->forward(\'dmWidget\', \'move\')\n#17 C:\\xampp\\htdocs\\megacables\\dm\\dmCorePlugin\\lib\\context\\dmContext.php(290): dmFrontWebController->dispatch()\n#18 C:\\xampp\\htdocs\\megacables\\web\\dev.php(7): dmContext->dispatch()\n#19 {main}','dmWidget','move','http://megacables.dev/dev.php/+/dmWidget/move?moved_dm_widget=[object%20Object]&to_dm_zone=46&dm_widget[]=49&dm_cpi=15&dm_xhr=1&_=1366307490962','dev','2013-04-18 19:51:32'),(7,'dmException','Trying to save DmMedia with empty file field','Trying to save DmMedia with empty file field\n#0 C:\\xampp\\htdocs\\megacables\\dm\\dmCorePlugin\\lib\\form\\dmFormDoctrine.php(188): PluginDmMedia->save(Object(Doctrine_Connection_Mysql))\n#1 C:\\xampp\\htdocs\\megacables\\lib\\form\\doctrine\\dmCorePlugin\\base\\BaseDmMediaForm.class.php(74): dmFormDoctrine->doSave(Object(Doctrine_Connection_Mysql))\n#2 C:\\xampp\\htdocs\\megacables\\dm\\symfony\\lib\\form\\addon\\sfFormObject.class.php(130): BaseDmMediaForm->doSave(Object(Doctrine_Connection_Mysql))\n#3 C:\\xampp\\htdocs\\megacables\\dm\\dmAdminPlugin\\modules\\dmMedia\\lib\\BasedmMediaActions.class.php(25): sfFormObject->save()\n#4 C:\\xampp\\htdocs\\megacables\\dm\\symfony\\lib\\action\\sfActions.class.php(60): BasedmMediaActions->executeGallery(Object(dmWebRequest))\n#5 C:\\xampp\\htdocs\\megacables\\dm\\symfony\\lib\\filter\\sfExecutionFilter.class.php(92): sfActions->execute(Object(dmWebRequest))\n#6 C:\\xampp\\htdocs\\megacables\\dm\\symfony\\lib\\filter\\sfExecutionFilter.class.php(78): sfExecutionFilter->executeAction(Object(dmMediaActions))\n#7 C:\\xampp\\htdocs\\megacables\\dm\\symfony\\lib\\filter\\sfExecutionFilter.class.php(42): sfExecutionFilter->handleAction(Object(sfFilterChain), Object(dmMediaActions))\n#8 C:\\xampp\\htdocs\\megacables\\dm\\symfony\\lib\\filter\\sfFilterChain.class.php(53): sfExecutionFilter->execute(Object(sfFilterChain))\n#9 C:\\xampp\\htdocs\\megacables\\dm\\dmAdminPlugin\\lib\\filter\\dmAdminInitFilter.php(32): sfFilterChain->execute()\n#10 C:\\xampp\\htdocs\\megacables\\dm\\symfony\\lib\\filter\\sfFilterChain.class.php(53): dmAdminInitFilter->execute(Object(sfFilterChain))\n#11 C:\\xampp\\htdocs\\megacables\\dm\\symfony\\lib\\filter\\sfBasicSecurityFilter.class.php(72): sfFilterChain->execute()\n#12 C:\\xampp\\htdocs\\megacables\\dm\\symfony\\lib\\filter\\sfFilterChain.class.php(53): sfBasicSecurityFilter->execute(Object(sfFilterChain))\n#13 C:\\xampp\\htdocs\\megacables\\dm\\dmCorePlugin\\plugins\\dmUserPlugin\\lib\\dmRememberMeFilter.class.php(56): sfFilterChain->execute()\n#14 C:\\xampp\\htdocs\\megacables\\dm\\symfony\\lib\\filter\\sfFilterChain.class.php(53): dmRememberMeFilter->execute(Object(sfFilterChain))\n#15 C:\\xampp\\htdocs\\megacables\\dm\\symfony\\lib\\filter\\sfRenderingFilter.class.php(33): sfFilterChain->execute()\n#16 C:\\xampp\\htdocs\\megacables\\dm\\symfony\\lib\\filter\\sfFilterChain.class.php(53): sfRenderingFilter->execute(Object(sfFilterChain))\n#17 C:\\xampp\\htdocs\\megacables\\dm\\symfony\\lib\\controller\\sfController.class.php(238): sfFilterChain->execute()\n#18 C:\\xampp\\htdocs\\megacables\\dm\\dmCorePlugin\\lib\\controller\\dmFrontWebController.php(38): sfController->forward(\'dmMedia\', \'gallery\')\n#19 C:\\xampp\\htdocs\\megacables\\dm\\dmCorePlugin\\lib\\context\\dmContext.php(290): dmFrontWebController->dispatch()\n#20 C:\\xampp\\htdocs\\megacables\\web\\admin_dev.php(7): dmContext->dispatch()\n#21 {main}','dmMedia','gallery','http://megacables.dev/admin_dev.php/+/dmMedia/gallery/model/NewItem/pk/2','dev','2013-04-18 20:47:57'),(8,'Doctrine_Connection_Mysql_Exception','SQLSTATE[23000]: Integrity constraint violation: 1062 Duplicate entry \'5-cables_de_bater\' for key \'folderFile_idx\'','SQLSTATE[23000]: Integrity constraint violation: 1062 Duplicate entry \'5-cables_de_bater\' for key \'folderFile_idx\'\n#0 C:\\xampp\\htdocs\\megacables\\dm\\symfony\\lib\\plugins\\sfDoctrinePlugin\\lib\\vendor\\doctrine\\lib\\Doctrine\\Connection\\Statement.php(269): Doctrine_Connection->rethrowException(Object(PDOException), Object(Doctrine_Connection_Statement))\n#1 C:\\xampp\\htdocs\\megacables\\dm\\symfony\\lib\\plugins\\sfDoctrinePlugin\\lib\\vendor\\doctrine\\lib\\Doctrine\\Connection.php(1042): Doctrine_Connection_Statement->execute(Array)\n#2 C:\\xampp\\htdocs\\megacables\\dm\\symfony\\lib\\plugins\\sfDoctrinePlugin\\lib\\vendor\\doctrine\\lib\\Doctrine\\Connection.php(687): Doctrine_Connection->exec(\'INSERT INTO dm_...\', Array)\n#3 C:\\xampp\\htdocs\\megacables\\dm\\symfony\\lib\\plugins\\sfDoctrinePlugin\\lib\\vendor\\doctrine\\lib\\Doctrine\\Connection\\UnitOfWork.php(647): Doctrine_Connection->insert(Object(DmMediaTable), Array)\n#4 C:\\xampp\\htdocs\\megacables\\dm\\symfony\\lib\\plugins\\sfDoctrinePlugin\\lib\\vendor\\doctrine\\lib\\Doctrine\\Connection\\UnitOfWork.php(571): Doctrine_Connection_UnitOfWork->processSingleInsert(Object(DmMedia))\n#5 C:\\xampp\\htdocs\\megacables\\dm\\symfony\\lib\\plugins\\sfDoctrinePlugin\\lib\\vendor\\doctrine\\lib\\Doctrine\\Connection\\UnitOfWork.php(81): Doctrine_Connection_UnitOfWork->insert(Object(DmMedia))\n#6 C:\\xampp\\htdocs\\megacables\\dm\\symfony\\lib\\plugins\\sfDoctrinePlugin\\lib\\vendor\\doctrine\\lib\\Doctrine\\Record.php(1718): Doctrine_Connection_UnitOfWork->saveGraph(Object(DmMedia))\n#7 C:\\xampp\\htdocs\\megacables\\dm\\dmCorePlugin\\lib\\model\\doctrine\\PluginDmMedia.class.php(353): Doctrine_Record->save(NULL)\n#8 C:\\xampp\\htdocs\\megacables\\dm\\dmCorePlugin\\lib\\media\\dmMediaSynchronizer.php(54): PluginDmMedia->save()\n#9 C:\\xampp\\htdocs\\megacables\\dm\\dmCorePlugin\\lib\\model\\doctrine\\PluginDmMediaFolder.class.php(304): dmMediaSynchronizer->execute(Object(DmMediaFolder), 99)\n#10 C:\\xampp\\htdocs\\megacables\\dm\\dmCorePlugin\\modules\\dmInterface\\lib\\BasedmInterfaceActions.php(20): PluginDmMediaFolder->sync()\n#11 C:\\xampp\\htdocs\\megacables\\dm\\symfony\\lib\\action\\sfActions.class.php(60): BasedmInterfaceActions->executeLoadMediaFolder(Object(dmWebRequest))\n#12 C:\\xampp\\htdocs\\megacables\\dm\\symfony\\lib\\filter\\sfExecutionFilter.class.php(92): sfActions->execute(Object(dmWebRequest))\n#13 C:\\xampp\\htdocs\\megacables\\dm\\symfony\\lib\\filter\\sfExecutionFilter.class.php(78): sfExecutionFilter->executeAction(Object(dmInterfaceActions))\n#14 C:\\xampp\\htdocs\\megacables\\dm\\symfony\\lib\\filter\\sfExecutionFilter.class.php(42): sfExecutionFilter->handleAction(Object(sfFilterChain), Object(dmInterfaceActions))\n#15 C:\\xampp\\htdocs\\megacables\\dm\\symfony\\lib\\filter\\sfFilterChain.class.php(53): sfExecutionFilter->execute(Object(sfFilterChain))\n#16 C:\\xampp\\htdocs\\megacables\\dm\\dmAdminPlugin\\lib\\filter\\dmAdminInitFilter.php(32): sfFilterChain->execute()\n#17 C:\\xampp\\htdocs\\megacables\\dm\\symfony\\lib\\filter\\sfFilterChain.class.php(53): dmAdminInitFilter->execute(Object(sfFilterChain))\n#18 C:\\xampp\\htdocs\\megacables\\dm\\symfony\\lib\\filter\\sfBasicSecurityFilter.class.php(72): sfFilterChain->execute()\n#19 C:\\xampp\\htdocs\\megacables\\dm\\symfony\\lib\\filter\\sfFilterChain.class.php(53): sfBasicSecurityFilter->execute(Object(sfFilterChain))\n#20 C:\\xampp\\htdocs\\megacables\\dm\\dmCorePlugin\\plugins\\dmUserPlugin\\lib\\dmRememberMeFilter.class.php(56): sfFilterChain->execute()\n#21 C:\\xampp\\htdocs\\megacables\\dm\\symfony\\lib\\filter\\sfFilterChain.class.php(53): dmRememberMeFilter->execute(Object(sfFilterChain))\n#22 C:\\xampp\\htdocs\\megacables\\dm\\symfony\\lib\\filter\\sfRenderingFilter.class.php(33): sfFilterChain->execute()\n#23 C:\\xampp\\htdocs\\megacables\\dm\\symfony\\lib\\filter\\sfFilterChain.class.php(53): sfRenderingFilter->execute(Object(sfFilterChain))\n#24 C:\\xampp\\htdocs\\megacables\\dm\\symfony\\lib\\controller\\sfController.class.php(238): sfFilterChain->execute()\n#25 C:\\xampp\\htdocs\\megacables\\dm\\dmCorePlugin\\lib\\controller\\dmFrontWebController.php(38): sfController->forward(\'dmInterface\', \'loadMediaFolder\')\n#26 C:\\xampp\\htdocs\\megacables\\dm\\dmCorePlugin\\lib\\context\\dmContext.php(290): dmFrontWebController->dispatch()\n#27 C:\\xampp\\htdocs\\megacables\\web\\admin_dev.php(7): dmContext->dispatch()\n#28 {main}','dmInterface','loadMediaFolder','http://megacables.dev/admin_dev.php/+/dmInterface/loadMediaFolder?folder_id=5&dm_cpi=0&dm_xhr=1&_=1366900280262','dev','2013-04-25 16:31:21'),(9,'Doctrine_Connection_Mysql_Exception','SQLSTATE[23000]: Integrity constraint violation: 1062 Duplicate entry \'5-cables_de_bater\' for key \'folderFile_idx\'','SQLSTATE[23000]: Integrity constraint violation: 1062 Duplicate entry \'5-cables_de_bater\' for key \'folderFile_idx\'\n#0 C:\\xampp\\htdocs\\megacables\\dm\\symfony\\lib\\plugins\\sfDoctrinePlugin\\lib\\vendor\\doctrine\\lib\\Doctrine\\Connection\\Statement.php(269): Doctrine_Connection->rethrowException(Object(PDOException), Object(Doctrine_Connection_Statement))\n#1 C:\\xampp\\htdocs\\megacables\\dm\\symfony\\lib\\plugins\\sfDoctrinePlugin\\lib\\vendor\\doctrine\\lib\\Doctrine\\Connection.php(1042): Doctrine_Connection_Statement->execute(Array)\n#2 C:\\xampp\\htdocs\\megacables\\dm\\symfony\\lib\\plugins\\sfDoctrinePlugin\\lib\\vendor\\doctrine\\lib\\Doctrine\\Connection.php(687): Doctrine_Connection->exec(\'INSERT INTO dm_...\', Array)\n#3 C:\\xampp\\htdocs\\megacables\\dm\\symfony\\lib\\plugins\\sfDoctrinePlugin\\lib\\vendor\\doctrine\\lib\\Doctrine\\Connection\\UnitOfWork.php(647): Doctrine_Connection->insert(Object(DmMediaTable), Array)\n#4 C:\\xampp\\htdocs\\megacables\\dm\\symfony\\lib\\plugins\\sfDoctrinePlugin\\lib\\vendor\\doctrine\\lib\\Doctrine\\Connection\\UnitOfWork.php(571): Doctrine_Connection_UnitOfWork->processSingleInsert(Object(DmMedia))\n#5 C:\\xampp\\htdocs\\megacables\\dm\\symfony\\lib\\plugins\\sfDoctrinePlugin\\lib\\vendor\\doctrine\\lib\\Doctrine\\Connection\\UnitOfWork.php(81): Doctrine_Connection_UnitOfWork->insert(Object(DmMedia))\n#6 C:\\xampp\\htdocs\\megacables\\dm\\symfony\\lib\\plugins\\sfDoctrinePlugin\\lib\\vendor\\doctrine\\lib\\Doctrine\\Record.php(1718): Doctrine_Connection_UnitOfWork->saveGraph(Object(DmMedia))\n#7 C:\\xampp\\htdocs\\megacables\\dm\\dmCorePlugin\\lib\\model\\doctrine\\PluginDmMedia.class.php(353): Doctrine_Record->save(NULL)\n#8 C:\\xampp\\htdocs\\megacables\\dm\\dmCorePlugin\\lib\\media\\dmMediaSynchronizer.php(54): PluginDmMedia->save()\n#9 C:\\xampp\\htdocs\\megacables\\dm\\dmCorePlugin\\lib\\media\\dmMediaSynchronizer.php(124): dmMediaSynchronizer->execute(Object(DmMediaFolder), 98)\n#10 C:\\xampp\\htdocs\\megacables\\dm\\dmCorePlugin\\lib\\model\\doctrine\\PluginDmMediaFolder.class.php(304): dmMediaSynchronizer->execute(Object(DmMediaFolder), 99)\n#11 C:\\xampp\\htdocs\\megacables\\dm\\dmCorePlugin\\modules\\dmInterface\\lib\\BasedmInterfaceActions.php(20): PluginDmMediaFolder->sync()\n#12 C:\\xampp\\htdocs\\megacables\\dm\\symfony\\lib\\action\\sfActions.class.php(60): BasedmInterfaceActions->executeLoadMediaFolder(Object(dmWebRequest))\n#13 C:\\xampp\\htdocs\\megacables\\dm\\symfony\\lib\\filter\\sfExecutionFilter.class.php(92): sfActions->execute(Object(dmWebRequest))\n#14 C:\\xampp\\htdocs\\megacables\\dm\\symfony\\lib\\filter\\sfExecutionFilter.class.php(78): sfExecutionFilter->executeAction(Object(dmInterfaceActions))\n#15 C:\\xampp\\htdocs\\megacables\\dm\\symfony\\lib\\filter\\sfExecutionFilter.class.php(42): sfExecutionFilter->handleAction(Object(sfFilterChain), Object(dmInterfaceActions))\n#16 C:\\xampp\\htdocs\\megacables\\dm\\symfony\\lib\\filter\\sfFilterChain.class.php(53): sfExecutionFilter->execute(Object(sfFilterChain))\n#17 C:\\xampp\\htdocs\\megacables\\dm\\dmAdminPlugin\\lib\\filter\\dmAdminInitFilter.php(32): sfFilterChain->execute()\n#18 C:\\xampp\\htdocs\\megacables\\dm\\symfony\\lib\\filter\\sfFilterChain.class.php(53): dmAdminInitFilter->execute(Object(sfFilterChain))\n#19 C:\\xampp\\htdocs\\megacables\\dm\\symfony\\lib\\filter\\sfBasicSecurityFilter.class.php(72): sfFilterChain->execute()\n#20 C:\\xampp\\htdocs\\megacables\\dm\\symfony\\lib\\filter\\sfFilterChain.class.php(53): sfBasicSecurityFilter->execute(Object(sfFilterChain))\n#21 C:\\xampp\\htdocs\\megacables\\dm\\dmCorePlugin\\plugins\\dmUserPlugin\\lib\\dmRememberMeFilter.class.php(56): sfFilterChain->execute()\n#22 C:\\xampp\\htdocs\\megacables\\dm\\symfony\\lib\\filter\\sfFilterChain.class.php(53): dmRememberMeFilter->execute(Object(sfFilterChain))\n#23 C:\\xampp\\htdocs\\megacables\\dm\\symfony\\lib\\filter\\sfRenderingFilter.class.php(33): sfFilterChain->execute()\n#24 C:\\xampp\\htdocs\\megacables\\dm\\symfony\\lib\\filter\\sfFilterChain.class.php(53): sfRenderingFilter->execute(Object(sfFilterChain))\n#25 C:\\xampp\\htdocs\\megacables\\dm\\symfony\\lib\\controller\\sfController.class.php(238): sfFilterChain->execute()\n#26 C:\\xampp\\htdocs\\megacables\\dm\\dmCorePlugin\\lib\\controller\\dmFrontWebController.php(38): sfController->forward(\'dmInterface\', \'loadMediaFolder\')\n#27 C:\\xampp\\htdocs\\megacables\\dm\\dmCorePlugin\\lib\\context\\dmContext.php(290): dmFrontWebController->dispatch()\n#28 C:\\xampp\\htdocs\\megacables\\web\\admin_dev.php(7): dmContext->dispatch()\n#29 {main}','dmInterface','loadMediaFolder','http://megacables.dev/admin_dev.php/+/dmInterface/loadMediaFolder?folder_id=1&dm_cpi=0&dm_xhr=1&_=1366900301732','dev','2013-04-25 16:31:43'),(10,'Doctrine_Connection_Mysql_Exception','SQLSTATE[23000]: Integrity constraint violation: 1062 Duplicate entry \'5-cables_de_bater\' for key \'folderFile_idx\'','SQLSTATE[23000]: Integrity constraint violation: 1062 Duplicate entry \'5-cables_de_bater\' for key \'folderFile_idx\'\n#0 C:\\xampp\\htdocs\\megacables\\dm\\symfony\\lib\\plugins\\sfDoctrinePlugin\\lib\\vendor\\doctrine\\lib\\Doctrine\\Connection\\Statement.php(269): Doctrine_Connection->rethrowException(Object(PDOException), Object(Doctrine_Connection_Statement))\n#1 C:\\xampp\\htdocs\\megacables\\dm\\symfony\\lib\\plugins\\sfDoctrinePlugin\\lib\\vendor\\doctrine\\lib\\Doctrine\\Connection.php(1042): Doctrine_Connection_Statement->execute(Array)\n#2 C:\\xampp\\htdocs\\megacables\\dm\\symfony\\lib\\plugins\\sfDoctrinePlugin\\lib\\vendor\\doctrine\\lib\\Doctrine\\Connection.php(687): Doctrine_Connection->exec(\'INSERT INTO dm_...\', Array)\n#3 C:\\xampp\\htdocs\\megacables\\dm\\symfony\\lib\\plugins\\sfDoctrinePlugin\\lib\\vendor\\doctrine\\lib\\Doctrine\\Connection\\UnitOfWork.php(647): Doctrine_Connection->insert(Object(DmMediaTable), Array)\n#4 C:\\xampp\\htdocs\\megacables\\dm\\symfony\\lib\\plugins\\sfDoctrinePlugin\\lib\\vendor\\doctrine\\lib\\Doctrine\\Connection\\UnitOfWork.php(571): Doctrine_Connection_UnitOfWork->processSingleInsert(Object(DmMedia))\n#5 C:\\xampp\\htdocs\\megacables\\dm\\symfony\\lib\\plugins\\sfDoctrinePlugin\\lib\\vendor\\doctrine\\lib\\Doctrine\\Connection\\UnitOfWork.php(81): Doctrine_Connection_UnitOfWork->insert(Object(DmMedia))\n#6 C:\\xampp\\htdocs\\megacables\\dm\\symfony\\lib\\plugins\\sfDoctrinePlugin\\lib\\vendor\\doctrine\\lib\\Doctrine\\Record.php(1718): Doctrine_Connection_UnitOfWork->saveGraph(Object(DmMedia))\n#7 C:\\xampp\\htdocs\\megacables\\dm\\dmCorePlugin\\lib\\model\\doctrine\\PluginDmMedia.class.php(353): Doctrine_Record->save(NULL)\n#8 C:\\xampp\\htdocs\\megacables\\dm\\dmCorePlugin\\lib\\media\\dmMediaSynchronizer.php(54): PluginDmMedia->save()\n#9 C:\\xampp\\htdocs\\megacables\\dm\\dmCorePlugin\\lib\\media\\dmMediaSynchronizer.php(124): dmMediaSynchronizer->execute(Object(DmMediaFolder), 98)\n#10 C:\\xampp\\htdocs\\megacables\\dm\\dmCorePlugin\\lib\\model\\doctrine\\PluginDmMediaFolder.class.php(304): dmMediaSynchronizer->execute(Object(DmMediaFolder), 99)\n#11 C:\\xampp\\htdocs\\megacables\\dm\\dmCorePlugin\\modules\\dmInterface\\lib\\BasedmInterfaceActions.php(20): PluginDmMediaFolder->sync()\n#12 C:\\xampp\\htdocs\\megacables\\dm\\symfony\\lib\\action\\sfActions.class.php(60): BasedmInterfaceActions->executeLoadMediaFolder(Object(dmWebRequest))\n#13 C:\\xampp\\htdocs\\megacables\\dm\\symfony\\lib\\filter\\sfExecutionFilter.class.php(92): sfActions->execute(Object(dmWebRequest))\n#14 C:\\xampp\\htdocs\\megacables\\dm\\symfony\\lib\\filter\\sfExecutionFilter.class.php(78): sfExecutionFilter->executeAction(Object(dmInterfaceActions))\n#15 C:\\xampp\\htdocs\\megacables\\dm\\symfony\\lib\\filter\\sfExecutionFilter.class.php(42): sfExecutionFilter->handleAction(Object(sfFilterChain), Object(dmInterfaceActions))\n#16 C:\\xampp\\htdocs\\megacables\\dm\\symfony\\lib\\filter\\sfFilterChain.class.php(53): sfExecutionFilter->execute(Object(sfFilterChain))\n#17 C:\\xampp\\htdocs\\megacables\\dm\\dmAdminPlugin\\lib\\filter\\dmAdminInitFilter.php(32): sfFilterChain->execute()\n#18 C:\\xampp\\htdocs\\megacables\\dm\\symfony\\lib\\filter\\sfFilterChain.class.php(53): dmAdminInitFilter->execute(Object(sfFilterChain))\n#19 C:\\xampp\\htdocs\\megacables\\dm\\symfony\\lib\\filter\\sfBasicSecurityFilter.class.php(72): sfFilterChain->execute()\n#20 C:\\xampp\\htdocs\\megacables\\dm\\symfony\\lib\\filter\\sfFilterChain.class.php(53): sfBasicSecurityFilter->execute(Object(sfFilterChain))\n#21 C:\\xampp\\htdocs\\megacables\\dm\\dmCorePlugin\\plugins\\dmUserPlugin\\lib\\dmRememberMeFilter.class.php(56): sfFilterChain->execute()\n#22 C:\\xampp\\htdocs\\megacables\\dm\\symfony\\lib\\filter\\sfFilterChain.class.php(53): dmRememberMeFilter->execute(Object(sfFilterChain))\n#23 C:\\xampp\\htdocs\\megacables\\dm\\symfony\\lib\\filter\\sfRenderingFilter.class.php(33): sfFilterChain->execute()\n#24 C:\\xampp\\htdocs\\megacables\\dm\\symfony\\lib\\filter\\sfFilterChain.class.php(53): sfRenderingFilter->execute(Object(sfFilterChain))\n#25 C:\\xampp\\htdocs\\megacables\\dm\\symfony\\lib\\controller\\sfController.class.php(238): sfFilterChain->execute()\n#26 C:\\xampp\\htdocs\\megacables\\dm\\dmCorePlugin\\lib\\controller\\dmFrontWebController.php(38): sfController->forward(\'dmInterface\', \'loadMediaFolder\')\n#27 C:\\xampp\\htdocs\\megacables\\dm\\dmCorePlugin\\lib\\context\\dmContext.php(290): dmFrontWebController->dispatch()\n#28 C:\\xampp\\htdocs\\megacables\\web\\admin_dev.php(7): dmContext->dispatch()\n#29 {main}','dmInterface','loadMediaFolder','http://megacables.dev/admin_dev.php/+/dmInterface/loadMediaFolder?folder_id=1&dm_cpi=0&dm_xhr=1&_=1366900318605','dev','2013-04-25 16:32:00'),(11,'Doctrine_Connection_Mysql_Exception','SQLSTATE[23000]: Integrity constraint violation: 1062 Duplicate entry \'5-cables_de_bater\' for key \'folderFile_idx\'','SQLSTATE[23000]: Integrity constraint violation: 1062 Duplicate entry \'5-cables_de_bater\' for key \'folderFile_idx\'\n#0 C:\\xampp\\htdocs\\megacables\\dm\\symfony\\lib\\plugins\\sfDoctrinePlugin\\lib\\vendor\\doctrine\\lib\\Doctrine\\Connection\\Statement.php(269): Doctrine_Connection->rethrowException(Object(PDOException), Object(Doctrine_Connection_Statement))\n#1 C:\\xampp\\htdocs\\megacables\\dm\\symfony\\lib\\plugins\\sfDoctrinePlugin\\lib\\vendor\\doctrine\\lib\\Doctrine\\Connection.php(1042): Doctrine_Connection_Statement->execute(Array)\n#2 C:\\xampp\\htdocs\\megacables\\dm\\symfony\\lib\\plugins\\sfDoctrinePlugin\\lib\\vendor\\doctrine\\lib\\Doctrine\\Connection.php(687): Doctrine_Connection->exec(\'INSERT INTO dm_...\', Array)\n#3 C:\\xampp\\htdocs\\megacables\\dm\\symfony\\lib\\plugins\\sfDoctrinePlugin\\lib\\vendor\\doctrine\\lib\\Doctrine\\Connection\\UnitOfWork.php(647): Doctrine_Connection->insert(Object(DmMediaTable), Array)\n#4 C:\\xampp\\htdocs\\megacables\\dm\\symfony\\lib\\plugins\\sfDoctrinePlugin\\lib\\vendor\\doctrine\\lib\\Doctrine\\Connection\\UnitOfWork.php(571): Doctrine_Connection_UnitOfWork->processSingleInsert(Object(DmMedia))\n#5 C:\\xampp\\htdocs\\megacables\\dm\\symfony\\lib\\plugins\\sfDoctrinePlugin\\lib\\vendor\\doctrine\\lib\\Doctrine\\Connection\\UnitOfWork.php(81): Doctrine_Connection_UnitOfWork->insert(Object(DmMedia))\n#6 C:\\xampp\\htdocs\\megacables\\dm\\symfony\\lib\\plugins\\sfDoctrinePlugin\\lib\\vendor\\doctrine\\lib\\Doctrine\\Record.php(1718): Doctrine_Connection_UnitOfWork->saveGraph(Object(DmMedia))\n#7 C:\\xampp\\htdocs\\megacables\\dm\\dmCorePlugin\\lib\\model\\doctrine\\PluginDmMedia.class.php(353): Doctrine_Record->save(NULL)\n#8 C:\\xampp\\htdocs\\megacables\\dm\\dmCorePlugin\\lib\\media\\dmMediaSynchronizer.php(54): PluginDmMedia->save()\n#9 C:\\xampp\\htdocs\\megacables\\dm\\dmCorePlugin\\lib\\media\\dmMediaSynchronizer.php(124): dmMediaSynchronizer->execute(Object(DmMediaFolder), 98)\n#10 C:\\xampp\\htdocs\\megacables\\dm\\dmCorePlugin\\lib\\model\\doctrine\\PluginDmMediaFolder.class.php(304): dmMediaSynchronizer->execute(Object(DmMediaFolder), 99)\n#11 C:\\xampp\\htdocs\\megacables\\dm\\dmCorePlugin\\modules\\dmInterface\\lib\\BasedmInterfaceActions.php(20): PluginDmMediaFolder->sync()\n#12 C:\\xampp\\htdocs\\megacables\\dm\\symfony\\lib\\action\\sfActions.class.php(60): BasedmInterfaceActions->executeLoadMediaFolder(Object(dmWebRequest))\n#13 C:\\xampp\\htdocs\\megacables\\dm\\symfony\\lib\\filter\\sfExecutionFilter.class.php(92): sfActions->execute(Object(dmWebRequest))\n#14 C:\\xampp\\htdocs\\megacables\\dm\\symfony\\lib\\filter\\sfExecutionFilter.class.php(78): sfExecutionFilter->executeAction(Object(dmInterfaceActions))\n#15 C:\\xampp\\htdocs\\megacables\\dm\\symfony\\lib\\filter\\sfExecutionFilter.class.php(42): sfExecutionFilter->handleAction(Object(sfFilterChain), Object(dmInterfaceActions))\n#16 C:\\xampp\\htdocs\\megacables\\dm\\symfony\\lib\\filter\\sfFilterChain.class.php(53): sfExecutionFilter->execute(Object(sfFilterChain))\n#17 C:\\xampp\\htdocs\\megacables\\dm\\dmAdminPlugin\\lib\\filter\\dmAdminInitFilter.php(32): sfFilterChain->execute()\n#18 C:\\xampp\\htdocs\\megacables\\dm\\symfony\\lib\\filter\\sfFilterChain.class.php(53): dmAdminInitFilter->execute(Object(sfFilterChain))\n#19 C:\\xampp\\htdocs\\megacables\\dm\\symfony\\lib\\filter\\sfBasicSecurityFilter.class.php(72): sfFilterChain->execute()\n#20 C:\\xampp\\htdocs\\megacables\\dm\\symfony\\lib\\filter\\sfFilterChain.class.php(53): sfBasicSecurityFilter->execute(Object(sfFilterChain))\n#21 C:\\xampp\\htdocs\\megacables\\dm\\dmCorePlugin\\plugins\\dmUserPlugin\\lib\\dmRememberMeFilter.class.php(56): sfFilterChain->execute()\n#22 C:\\xampp\\htdocs\\megacables\\dm\\symfony\\lib\\filter\\sfFilterChain.class.php(53): dmRememberMeFilter->execute(Object(sfFilterChain))\n#23 C:\\xampp\\htdocs\\megacables\\dm\\symfony\\lib\\filter\\sfRenderingFilter.class.php(33): sfFilterChain->execute()\n#24 C:\\xampp\\htdocs\\megacables\\dm\\symfony\\lib\\filter\\sfFilterChain.class.php(53): sfRenderingFilter->execute(Object(sfFilterChain))\n#25 C:\\xampp\\htdocs\\megacables\\dm\\symfony\\lib\\controller\\sfController.class.php(238): sfFilterChain->execute()\n#26 C:\\xampp\\htdocs\\megacables\\dm\\dmCorePlugin\\lib\\controller\\dmFrontWebController.php(38): sfController->forward(\'dmInterface\', \'loadMediaFolder\')\n#27 C:\\xampp\\htdocs\\megacables\\dm\\dmCorePlugin\\lib\\context\\dmContext.php(290): dmFrontWebController->dispatch()\n#28 C:\\xampp\\htdocs\\megacables\\web\\admin_dev.php(7): dmContext->dispatch()\n#29 {main}','dmInterface','loadMediaFolder','http://megacables.dev/admin_dev.php/+/dmInterface/loadMediaFolder?folder_id=1&dm_cpi=0&dm_xhr=1&_=1366900333092','dev','2013-04-25 16:32:14'),(12,'Doctrine_Connection_Mysql_Exception','SQLSTATE[23000]: Integrity constraint violation: 1062 Duplicate entry \'5-cables_de_bater\' for key \'folderFile_idx\'','SQLSTATE[23000]: Integrity constraint violation: 1062 Duplicate entry \'5-cables_de_bater\' for key \'folderFile_idx\'\n#0 C:\\xampp\\htdocs\\megacables\\dm\\symfony\\lib\\plugins\\sfDoctrinePlugin\\lib\\vendor\\doctrine\\lib\\Doctrine\\Connection\\Statement.php(269): Doctrine_Connection->rethrowException(Object(PDOException), Object(Doctrine_Connection_Statement))\n#1 C:\\xampp\\htdocs\\megacables\\dm\\symfony\\lib\\plugins\\sfDoctrinePlugin\\lib\\vendor\\doctrine\\lib\\Doctrine\\Connection.php(1042): Doctrine_Connection_Statement->execute(Array)\n#2 C:\\xampp\\htdocs\\megacables\\dm\\symfony\\lib\\plugins\\sfDoctrinePlugin\\lib\\vendor\\doctrine\\lib\\Doctrine\\Connection.php(687): Doctrine_Connection->exec(\'INSERT INTO dm_...\', Array)\n#3 C:\\xampp\\htdocs\\megacables\\dm\\symfony\\lib\\plugins\\sfDoctrinePlugin\\lib\\vendor\\doctrine\\lib\\Doctrine\\Connection\\UnitOfWork.php(647): Doctrine_Connection->insert(Object(DmMediaTable), Array)\n#4 C:\\xampp\\htdocs\\megacables\\dm\\symfony\\lib\\plugins\\sfDoctrinePlugin\\lib\\vendor\\doctrine\\lib\\Doctrine\\Connection\\UnitOfWork.php(571): Doctrine_Connection_UnitOfWork->processSingleInsert(Object(DmMedia))\n#5 C:\\xampp\\htdocs\\megacables\\dm\\symfony\\lib\\plugins\\sfDoctrinePlugin\\lib\\vendor\\doctrine\\lib\\Doctrine\\Connection\\UnitOfWork.php(81): Doctrine_Connection_UnitOfWork->insert(Object(DmMedia))\n#6 C:\\xampp\\htdocs\\megacables\\dm\\symfony\\lib\\plugins\\sfDoctrinePlugin\\lib\\vendor\\doctrine\\lib\\Doctrine\\Record.php(1718): Doctrine_Connection_UnitOfWork->saveGraph(Object(DmMedia))\n#7 C:\\xampp\\htdocs\\megacables\\dm\\dmCorePlugin\\lib\\model\\doctrine\\PluginDmMedia.class.php(353): Doctrine_Record->save(NULL)\n#8 C:\\xampp\\htdocs\\megacables\\dm\\dmCorePlugin\\lib\\media\\dmMediaSynchronizer.php(54): PluginDmMedia->save()\n#9 C:\\xampp\\htdocs\\megacables\\dm\\dmCorePlugin\\lib\\media\\dmMediaSynchronizer.php(124): dmMediaSynchronizer->execute(Object(DmMediaFolder), 98)\n#10 C:\\xampp\\htdocs\\megacables\\dm\\dmCorePlugin\\lib\\model\\doctrine\\PluginDmMediaFolder.class.php(304): dmMediaSynchronizer->execute(Object(DmMediaFolder), 99)\n#11 C:\\xampp\\htdocs\\megacables\\dm\\dmCorePlugin\\modules\\dmInterface\\lib\\BasedmInterfaceActions.php(20): PluginDmMediaFolder->sync()\n#12 C:\\xampp\\htdocs\\megacables\\dm\\symfony\\lib\\action\\sfActions.class.php(60): BasedmInterfaceActions->executeLoadMediaFolder(Object(dmWebRequest))\n#13 C:\\xampp\\htdocs\\megacables\\dm\\symfony\\lib\\filter\\sfExecutionFilter.class.php(92): sfActions->execute(Object(dmWebRequest))\n#14 C:\\xampp\\htdocs\\megacables\\dm\\symfony\\lib\\filter\\sfExecutionFilter.class.php(78): sfExecutionFilter->executeAction(Object(dmInterfaceActions))\n#15 C:\\xampp\\htdocs\\megacables\\dm\\symfony\\lib\\filter\\sfExecutionFilter.class.php(42): sfExecutionFilter->handleAction(Object(sfFilterChain), Object(dmInterfaceActions))\n#16 C:\\xampp\\htdocs\\megacables\\dm\\symfony\\lib\\filter\\sfFilterChain.class.php(53): sfExecutionFilter->execute(Object(sfFilterChain))\n#17 C:\\xampp\\htdocs\\megacables\\dm\\dmAdminPlugin\\lib\\filter\\dmAdminInitFilter.php(32): sfFilterChain->execute()\n#18 C:\\xampp\\htdocs\\megacables\\dm\\symfony\\lib\\filter\\sfFilterChain.class.php(53): dmAdminInitFilter->execute(Object(sfFilterChain))\n#19 C:\\xampp\\htdocs\\megacables\\dm\\symfony\\lib\\filter\\sfBasicSecurityFilter.class.php(72): sfFilterChain->execute()\n#20 C:\\xampp\\htdocs\\megacables\\dm\\symfony\\lib\\filter\\sfFilterChain.class.php(53): sfBasicSecurityFilter->execute(Object(sfFilterChain))\n#21 C:\\xampp\\htdocs\\megacables\\dm\\dmCorePlugin\\plugins\\dmUserPlugin\\lib\\dmRememberMeFilter.class.php(56): sfFilterChain->execute()\n#22 C:\\xampp\\htdocs\\megacables\\dm\\symfony\\lib\\filter\\sfFilterChain.class.php(53): dmRememberMeFilter->execute(Object(sfFilterChain))\n#23 C:\\xampp\\htdocs\\megacables\\dm\\symfony\\lib\\filter\\sfRenderingFilter.class.php(33): sfFilterChain->execute()\n#24 C:\\xampp\\htdocs\\megacables\\dm\\symfony\\lib\\filter\\sfFilterChain.class.php(53): sfRenderingFilter->execute(Object(sfFilterChain))\n#25 C:\\xampp\\htdocs\\megacables\\dm\\symfony\\lib\\controller\\sfController.class.php(238): sfFilterChain->execute()\n#26 C:\\xampp\\htdocs\\megacables\\dm\\dmCorePlugin\\lib\\controller\\dmFrontWebController.php(38): sfController->forward(\'dmInterface\', \'loadMediaFolder\')\n#27 C:\\xampp\\htdocs\\megacables\\dm\\dmCorePlugin\\lib\\context\\dmContext.php(290): dmFrontWebController->dispatch()\n#28 C:\\xampp\\htdocs\\megacables\\web\\admin_dev.php(7): dmContext->dispatch()\n#29 {main}','dmInterface','loadMediaFolder','http://megacables.dev/admin_dev.php/+/dmInterface/loadMediaFolder?folder_id=1&dm_cpi=0&dm_xhr=1&_=1366900339145','dev','2013-04-25 16:32:21'),(13,'Doctrine_Connection_Mysql_Exception','SQLSTATE[23000]: Integrity constraint violation: 1062 Duplicate entry \'5-cables_de_bater\' for key \'folderFile_idx\'','SQLSTATE[23000]: Integrity constraint violation: 1062 Duplicate entry \'5-cables_de_bater\' for key \'folderFile_idx\'\n#0 C:\\xampp\\htdocs\\megacables\\dm\\symfony\\lib\\plugins\\sfDoctrinePlugin\\lib\\vendor\\doctrine\\lib\\Doctrine\\Connection\\Statement.php(269): Doctrine_Connection->rethrowException(Object(PDOException), Object(Doctrine_Connection_Statement))\n#1 C:\\xampp\\htdocs\\megacables\\dm\\symfony\\lib\\plugins\\sfDoctrinePlugin\\lib\\vendor\\doctrine\\lib\\Doctrine\\Connection.php(1042): Doctrine_Connection_Statement->execute(Array)\n#2 C:\\xampp\\htdocs\\megacables\\dm\\symfony\\lib\\plugins\\sfDoctrinePlugin\\lib\\vendor\\doctrine\\lib\\Doctrine\\Connection.php(687): Doctrine_Connection->exec(\'INSERT INTO dm_...\', Array)\n#3 C:\\xampp\\htdocs\\megacables\\dm\\symfony\\lib\\plugins\\sfDoctrinePlugin\\lib\\vendor\\doctrine\\lib\\Doctrine\\Connection\\UnitOfWork.php(647): Doctrine_Connection->insert(Object(DmMediaTable), Array)\n#4 C:\\xampp\\htdocs\\megacables\\dm\\symfony\\lib\\plugins\\sfDoctrinePlugin\\lib\\vendor\\doctrine\\lib\\Doctrine\\Connection\\UnitOfWork.php(571): Doctrine_Connection_UnitOfWork->processSingleInsert(Object(DmMedia))\n#5 C:\\xampp\\htdocs\\megacables\\dm\\symfony\\lib\\plugins\\sfDoctrinePlugin\\lib\\vendor\\doctrine\\lib\\Doctrine\\Connection\\UnitOfWork.php(81): Doctrine_Connection_UnitOfWork->insert(Object(DmMedia))\n#6 C:\\xampp\\htdocs\\megacables\\dm\\symfony\\lib\\plugins\\sfDoctrinePlugin\\lib\\vendor\\doctrine\\lib\\Doctrine\\Record.php(1718): Doctrine_Connection_UnitOfWork->saveGraph(Object(DmMedia))\n#7 C:\\xampp\\htdocs\\megacables\\dm\\dmCorePlugin\\lib\\model\\doctrine\\PluginDmMedia.class.php(353): Doctrine_Record->save(NULL)\n#8 C:\\xampp\\htdocs\\megacables\\dm\\dmCorePlugin\\lib\\media\\dmMediaSynchronizer.php(54): PluginDmMedia->save()\n#9 C:\\xampp\\htdocs\\megacables\\dm\\dmCorePlugin\\lib\\media\\dmMediaSynchronizer.php(124): dmMediaSynchronizer->execute(Object(DmMediaFolder), 98)\n#10 C:\\xampp\\htdocs\\megacables\\dm\\dmCorePlugin\\lib\\model\\doctrine\\PluginDmMediaFolder.class.php(304): dmMediaSynchronizer->execute(Object(DmMediaFolder), 99)\n#11 C:\\xampp\\htdocs\\megacables\\dm\\dmCorePlugin\\modules\\dmInterface\\lib\\BasedmInterfaceActions.php(20): PluginDmMediaFolder->sync()\n#12 C:\\xampp\\htdocs\\megacables\\dm\\symfony\\lib\\action\\sfActions.class.php(60): BasedmInterfaceActions->executeLoadMediaFolder(Object(dmWebRequest))\n#13 C:\\xampp\\htdocs\\megacables\\dm\\symfony\\lib\\filter\\sfExecutionFilter.class.php(92): sfActions->execute(Object(dmWebRequest))\n#14 C:\\xampp\\htdocs\\megacables\\dm\\symfony\\lib\\filter\\sfExecutionFilter.class.php(78): sfExecutionFilter->executeAction(Object(dmInterfaceActions))\n#15 C:\\xampp\\htdocs\\megacables\\dm\\symfony\\lib\\filter\\sfExecutionFilter.class.php(42): sfExecutionFilter->handleAction(Object(sfFilterChain), Object(dmInterfaceActions))\n#16 C:\\xampp\\htdocs\\megacables\\dm\\symfony\\lib\\filter\\sfFilterChain.class.php(53): sfExecutionFilter->execute(Object(sfFilterChain))\n#17 C:\\xampp\\htdocs\\megacables\\dm\\dmAdminPlugin\\lib\\filter\\dmAdminInitFilter.php(32): sfFilterChain->execute()\n#18 C:\\xampp\\htdocs\\megacables\\dm\\symfony\\lib\\filter\\sfFilterChain.class.php(53): dmAdminInitFilter->execute(Object(sfFilterChain))\n#19 C:\\xampp\\htdocs\\megacables\\dm\\symfony\\lib\\filter\\sfBasicSecurityFilter.class.php(72): sfFilterChain->execute()\n#20 C:\\xampp\\htdocs\\megacables\\dm\\symfony\\lib\\filter\\sfFilterChain.class.php(53): sfBasicSecurityFilter->execute(Object(sfFilterChain))\n#21 C:\\xampp\\htdocs\\megacables\\dm\\dmCorePlugin\\plugins\\dmUserPlugin\\lib\\dmRememberMeFilter.class.php(56): sfFilterChain->execute()\n#22 C:\\xampp\\htdocs\\megacables\\dm\\symfony\\lib\\filter\\sfFilterChain.class.php(53): dmRememberMeFilter->execute(Object(sfFilterChain))\n#23 C:\\xampp\\htdocs\\megacables\\dm\\symfony\\lib\\filter\\sfRenderingFilter.class.php(33): sfFilterChain->execute()\n#24 C:\\xampp\\htdocs\\megacables\\dm\\symfony\\lib\\filter\\sfFilterChain.class.php(53): sfRenderingFilter->execute(Object(sfFilterChain))\n#25 C:\\xampp\\htdocs\\megacables\\dm\\symfony\\lib\\controller\\sfController.class.php(238): sfFilterChain->execute()\n#26 C:\\xampp\\htdocs\\megacables\\dm\\dmCorePlugin\\lib\\controller\\dmFrontWebController.php(38): sfController->forward(\'dmInterface\', \'loadMediaFolder\')\n#27 C:\\xampp\\htdocs\\megacables\\dm\\dmCorePlugin\\lib\\context\\dmContext.php(290): dmFrontWebController->dispatch()\n#28 C:\\xampp\\htdocs\\megacables\\web\\admin_dev.php(7): dmContext->dispatch()\n#29 {main}','dmInterface','loadMediaFolder','http://megacables.dev/admin_dev.php/+/dmInterface/loadMediaFolder?folder_id=1&dm_cpi=0&dm_xhr=1&_=1366900356322','dev','2013-04-25 16:32:38'),(14,'Doctrine_Connection_Mysql_Exception','SQLSTATE[23000]: Integrity constraint violation: 1062 Duplicate entry \'5-cables_de_bater\' for key \'folderFile_idx\'','SQLSTATE[23000]: Integrity constraint violation: 1062 Duplicate entry \'5-cables_de_bater\' for key \'folderFile_idx\'\n#0 C:\\xampp\\htdocs\\megacables\\dm\\symfony\\lib\\plugins\\sfDoctrinePlugin\\lib\\vendor\\doctrine\\lib\\Doctrine\\Connection\\Statement.php(269): Doctrine_Connection->rethrowException(Object(PDOException), Object(Doctrine_Connection_Statement))\n#1 C:\\xampp\\htdocs\\megacables\\dm\\symfony\\lib\\plugins\\sfDoctrinePlugin\\lib\\vendor\\doctrine\\lib\\Doctrine\\Connection.php(1042): Doctrine_Connection_Statement->execute(Array)\n#2 C:\\xampp\\htdocs\\megacables\\dm\\symfony\\lib\\plugins\\sfDoctrinePlugin\\lib\\vendor\\doctrine\\lib\\Doctrine\\Connection.php(687): Doctrine_Connection->exec(\'INSERT INTO dm_...\', Array)\n#3 C:\\xampp\\htdocs\\megacables\\dm\\symfony\\lib\\plugins\\sfDoctrinePlugin\\lib\\vendor\\doctrine\\lib\\Doctrine\\Connection\\UnitOfWork.php(647): Doctrine_Connection->insert(Object(DmMediaTable), Array)\n#4 C:\\xampp\\htdocs\\megacables\\dm\\symfony\\lib\\plugins\\sfDoctrinePlugin\\lib\\vendor\\doctrine\\lib\\Doctrine\\Connection\\UnitOfWork.php(571): Doctrine_Connection_UnitOfWork->processSingleInsert(Object(DmMedia))\n#5 C:\\xampp\\htdocs\\megacables\\dm\\symfony\\lib\\plugins\\sfDoctrinePlugin\\lib\\vendor\\doctrine\\lib\\Doctrine\\Connection\\UnitOfWork.php(81): Doctrine_Connection_UnitOfWork->insert(Object(DmMedia))\n#6 C:\\xampp\\htdocs\\megacables\\dm\\symfony\\lib\\plugins\\sfDoctrinePlugin\\lib\\vendor\\doctrine\\lib\\Doctrine\\Record.php(1718): Doctrine_Connection_UnitOfWork->saveGraph(Object(DmMedia))\n#7 C:\\xampp\\htdocs\\megacables\\dm\\dmCorePlugin\\lib\\model\\doctrine\\PluginDmMedia.class.php(353): Doctrine_Record->save(NULL)\n#8 C:\\xampp\\htdocs\\megacables\\dm\\dmCorePlugin\\lib\\media\\dmMediaSynchronizer.php(54): PluginDmMedia->save()\n#9 C:\\xampp\\htdocs\\megacables\\dm\\dmCorePlugin\\lib\\media\\dmMediaSynchronizer.php(124): dmMediaSynchronizer->execute(Object(DmMediaFolder), 98)\n#10 C:\\xampp\\htdocs\\megacables\\dm\\dmCorePlugin\\lib\\model\\doctrine\\PluginDmMediaFolder.class.php(304): dmMediaSynchronizer->execute(Object(DmMediaFolder), 99)\n#11 C:\\xampp\\htdocs\\megacables\\dm\\dmCorePlugin\\modules\\dmInterface\\lib\\BasedmInterfaceActions.php(20): PluginDmMediaFolder->sync()\n#12 C:\\xampp\\htdocs\\megacables\\dm\\symfony\\lib\\action\\sfActions.class.php(60): BasedmInterfaceActions->executeLoadMediaFolder(Object(dmWebRequest))\n#13 C:\\xampp\\htdocs\\megacables\\dm\\symfony\\lib\\filter\\sfExecutionFilter.class.php(92): sfActions->execute(Object(dmWebRequest))\n#14 C:\\xampp\\htdocs\\megacables\\dm\\symfony\\lib\\filter\\sfExecutionFilter.class.php(78): sfExecutionFilter->executeAction(Object(dmInterfaceActions))\n#15 C:\\xampp\\htdocs\\megacables\\dm\\symfony\\lib\\filter\\sfExecutionFilter.class.php(42): sfExecutionFilter->handleAction(Object(sfFilterChain), Object(dmInterfaceActions))\n#16 C:\\xampp\\htdocs\\megacables\\dm\\symfony\\lib\\filter\\sfFilterChain.class.php(53): sfExecutionFilter->execute(Object(sfFilterChain))\n#17 C:\\xampp\\htdocs\\megacables\\dm\\dmAdminPlugin\\lib\\filter\\dmAdminInitFilter.php(32): sfFilterChain->execute()\n#18 C:\\xampp\\htdocs\\megacables\\dm\\symfony\\lib\\filter\\sfFilterChain.class.php(53): dmAdminInitFilter->execute(Object(sfFilterChain))\n#19 C:\\xampp\\htdocs\\megacables\\dm\\symfony\\lib\\filter\\sfBasicSecurityFilter.class.php(72): sfFilterChain->execute()\n#20 C:\\xampp\\htdocs\\megacables\\dm\\symfony\\lib\\filter\\sfFilterChain.class.php(53): sfBasicSecurityFilter->execute(Object(sfFilterChain))\n#21 C:\\xampp\\htdocs\\megacables\\dm\\dmCorePlugin\\plugins\\dmUserPlugin\\lib\\dmRememberMeFilter.class.php(56): sfFilterChain->execute()\n#22 C:\\xampp\\htdocs\\megacables\\dm\\symfony\\lib\\filter\\sfFilterChain.class.php(53): dmRememberMeFilter->execute(Object(sfFilterChain))\n#23 C:\\xampp\\htdocs\\megacables\\dm\\symfony\\lib\\filter\\sfRenderingFilter.class.php(33): sfFilterChain->execute()\n#24 C:\\xampp\\htdocs\\megacables\\dm\\symfony\\lib\\filter\\sfFilterChain.class.php(53): sfRenderingFilter->execute(Object(sfFilterChain))\n#25 C:\\xampp\\htdocs\\megacables\\dm\\symfony\\lib\\controller\\sfController.class.php(238): sfFilterChain->execute()\n#26 C:\\xampp\\htdocs\\megacables\\dm\\dmCorePlugin\\lib\\controller\\dmFrontWebController.php(38): sfController->forward(\'dmInterface\', \'loadMediaFolder\')\n#27 C:\\xampp\\htdocs\\megacables\\dm\\dmCorePlugin\\lib\\context\\dmContext.php(290): dmFrontWebController->dispatch()\n#28 C:\\xampp\\htdocs\\megacables\\web\\admin_dev.php(7): dmContext->dispatch()\n#29 {main}','dmInterface','loadMediaFolder','http://megacables.dev/admin_dev.php/+/dmInterface/loadMediaFolder?folder_id=1&dm_cpi=0&dm_xhr=1&_=1366900537625','dev','2013-04-25 16:35:40'),(15,'Doctrine_Connection_Mysql_Exception','SQLSTATE[23000]: Integrity constraint violation: 1062 Duplicate entry \'5-cables_de_bater\' for key \'folderFile_idx\'','SQLSTATE[23000]: Integrity constraint violation: 1062 Duplicate entry \'5-cables_de_bater\' for key \'folderFile_idx\'\n#0 C:\\xampp\\htdocs\\megacables\\dm\\symfony\\lib\\plugins\\sfDoctrinePlugin\\lib\\vendor\\doctrine\\lib\\Doctrine\\Connection\\Statement.php(269): Doctrine_Connection->rethrowException(Object(PDOException), Object(Doctrine_Connection_Statement))\n#1 C:\\xampp\\htdocs\\megacables\\dm\\symfony\\lib\\plugins\\sfDoctrinePlugin\\lib\\vendor\\doctrine\\lib\\Doctrine\\Connection.php(1042): Doctrine_Connection_Statement->execute(Array)\n#2 C:\\xampp\\htdocs\\megacables\\dm\\symfony\\lib\\plugins\\sfDoctrinePlugin\\lib\\vendor\\doctrine\\lib\\Doctrine\\Connection.php(687): Doctrine_Connection->exec(\'INSERT INTO dm_...\', Array)\n#3 C:\\xampp\\htdocs\\megacables\\dm\\symfony\\lib\\plugins\\sfDoctrinePlugin\\lib\\vendor\\doctrine\\lib\\Doctrine\\Connection\\UnitOfWork.php(647): Doctrine_Connection->insert(Object(DmMediaTable), Array)\n#4 C:\\xampp\\htdocs\\megacables\\dm\\symfony\\lib\\plugins\\sfDoctrinePlugin\\lib\\vendor\\doctrine\\lib\\Doctrine\\Connection\\UnitOfWork.php(571): Doctrine_Connection_UnitOfWork->processSingleInsert(Object(DmMedia))\n#5 C:\\xampp\\htdocs\\megacables\\dm\\symfony\\lib\\plugins\\sfDoctrinePlugin\\lib\\vendor\\doctrine\\lib\\Doctrine\\Connection\\UnitOfWork.php(81): Doctrine_Connection_UnitOfWork->insert(Object(DmMedia))\n#6 C:\\xampp\\htdocs\\megacables\\dm\\symfony\\lib\\plugins\\sfDoctrinePlugin\\lib\\vendor\\doctrine\\lib\\Doctrine\\Record.php(1718): Doctrine_Connection_UnitOfWork->saveGraph(Object(DmMedia))\n#7 C:\\xampp\\htdocs\\megacables\\dm\\dmCorePlugin\\lib\\model\\doctrine\\PluginDmMedia.class.php(353): Doctrine_Record->save(NULL)\n#8 C:\\xampp\\htdocs\\megacables\\dm\\dmCorePlugin\\lib\\media\\dmMediaSynchronizer.php(54): PluginDmMedia->save()\n#9 C:\\xampp\\htdocs\\megacables\\dm\\dmCorePlugin\\lib\\media\\dmMediaSynchronizer.php(124): dmMediaSynchronizer->execute(Object(DmMediaFolder), 98)\n#10 C:\\xampp\\htdocs\\megacables\\dm\\dmCorePlugin\\lib\\model\\doctrine\\PluginDmMediaFolder.class.php(304): dmMediaSynchronizer->execute(Object(DmMediaFolder), 99)\n#11 C:\\xampp\\htdocs\\megacables\\dm\\dmCorePlugin\\modules\\dmInterface\\lib\\BasedmInterfaceActions.php(20): PluginDmMediaFolder->sync()\n#12 C:\\xampp\\htdocs\\megacables\\dm\\symfony\\lib\\action\\sfActions.class.php(60): BasedmInterfaceActions->executeLoadMediaFolder(Object(dmWebRequest))\n#13 C:\\xampp\\htdocs\\megacables\\dm\\symfony\\lib\\filter\\sfExecutionFilter.class.php(92): sfActions->execute(Object(dmWebRequest))\n#14 C:\\xampp\\htdocs\\megacables\\dm\\symfony\\lib\\filter\\sfExecutionFilter.class.php(78): sfExecutionFilter->executeAction(Object(dmInterfaceActions))\n#15 C:\\xampp\\htdocs\\megacables\\dm\\symfony\\lib\\filter\\sfExecutionFilter.class.php(42): sfExecutionFilter->handleAction(Object(sfFilterChain), Object(dmInterfaceActions))\n#16 C:\\xampp\\htdocs\\megacables\\dm\\symfony\\lib\\filter\\sfFilterChain.class.php(53): sfExecutionFilter->execute(Object(sfFilterChain))\n#17 C:\\xampp\\htdocs\\megacables\\dm\\dmAdminPlugin\\lib\\filter\\dmAdminInitFilter.php(32): sfFilterChain->execute()\n#18 C:\\xampp\\htdocs\\megacables\\dm\\symfony\\lib\\filter\\sfFilterChain.class.php(53): dmAdminInitFilter->execute(Object(sfFilterChain))\n#19 C:\\xampp\\htdocs\\megacables\\dm\\symfony\\lib\\filter\\sfBasicSecurityFilter.class.php(72): sfFilterChain->execute()\n#20 C:\\xampp\\htdocs\\megacables\\dm\\symfony\\lib\\filter\\sfFilterChain.class.php(53): sfBasicSecurityFilter->execute(Object(sfFilterChain))\n#21 C:\\xampp\\htdocs\\megacables\\dm\\dmCorePlugin\\plugins\\dmUserPlugin\\lib\\dmRememberMeFilter.class.php(56): sfFilterChain->execute()\n#22 C:\\xampp\\htdocs\\megacables\\dm\\symfony\\lib\\filter\\sfFilterChain.class.php(53): dmRememberMeFilter->execute(Object(sfFilterChain))\n#23 C:\\xampp\\htdocs\\megacables\\dm\\symfony\\lib\\filter\\sfRenderingFilter.class.php(33): sfFilterChain->execute()\n#24 C:\\xampp\\htdocs\\megacables\\dm\\symfony\\lib\\filter\\sfFilterChain.class.php(53): sfRenderingFilter->execute(Object(sfFilterChain))\n#25 C:\\xampp\\htdocs\\megacables\\dm\\symfony\\lib\\controller\\sfController.class.php(238): sfFilterChain->execute()\n#26 C:\\xampp\\htdocs\\megacables\\dm\\dmCorePlugin\\lib\\controller\\dmFrontWebController.php(38): sfController->forward(\'dmInterface\', \'loadMediaFolder\')\n#27 C:\\xampp\\htdocs\\megacables\\dm\\dmCorePlugin\\lib\\context\\dmContext.php(290): dmFrontWebController->dispatch()\n#28 C:\\xampp\\htdocs\\megacables\\web\\admin_dev.php(7): dmContext->dispatch()\n#29 {main}','dmInterface','loadMediaFolder','http://megacables.dev/admin_dev.php/+/dmInterface/loadMediaFolder?folder_id=0&dm_cpi=0&dm_xhr=1&_=1366901258546','dev','2013-04-25 16:47:44'),(16,'Doctrine_Connection_Mysql_Exception','SQLSTATE[23000]: Integrity constraint violation: 1062 Duplicate entry \'5-cables_de_bater\' for key \'folderFile_idx\'','SQLSTATE[23000]: Integrity constraint violation: 1062 Duplicate entry \'5-cables_de_bater\' for key \'folderFile_idx\'\n#0 C:\\xampp\\htdocs\\megacables\\dm\\symfony\\lib\\plugins\\sfDoctrinePlugin\\lib\\vendor\\doctrine\\lib\\Doctrine\\Connection\\Statement.php(269): Doctrine_Connection->rethrowException(Object(PDOException), Object(Doctrine_Connection_Statement))\n#1 C:\\xampp\\htdocs\\megacables\\dm\\symfony\\lib\\plugins\\sfDoctrinePlugin\\lib\\vendor\\doctrine\\lib\\Doctrine\\Connection.php(1042): Doctrine_Connection_Statement->execute(Array)\n#2 C:\\xampp\\htdocs\\megacables\\dm\\symfony\\lib\\plugins\\sfDoctrinePlugin\\lib\\vendor\\doctrine\\lib\\Doctrine\\Connection.php(687): Doctrine_Connection->exec(\'INSERT INTO dm_...\', Array)\n#3 C:\\xampp\\htdocs\\megacables\\dm\\symfony\\lib\\plugins\\sfDoctrinePlugin\\lib\\vendor\\doctrine\\lib\\Doctrine\\Connection\\UnitOfWork.php(647): Doctrine_Connection->insert(Object(DmMediaTable), Array)\n#4 C:\\xampp\\htdocs\\megacables\\dm\\symfony\\lib\\plugins\\sfDoctrinePlugin\\lib\\vendor\\doctrine\\lib\\Doctrine\\Connection\\UnitOfWork.php(571): Doctrine_Connection_UnitOfWork->processSingleInsert(Object(DmMedia))\n#5 C:\\xampp\\htdocs\\megacables\\dm\\symfony\\lib\\plugins\\sfDoctrinePlugin\\lib\\vendor\\doctrine\\lib\\Doctrine\\Connection\\UnitOfWork.php(81): Doctrine_Connection_UnitOfWork->insert(Object(DmMedia))\n#6 C:\\xampp\\htdocs\\megacables\\dm\\symfony\\lib\\plugins\\sfDoctrinePlugin\\lib\\vendor\\doctrine\\lib\\Doctrine\\Record.php(1718): Doctrine_Connection_UnitOfWork->saveGraph(Object(DmMedia))\n#7 C:\\xampp\\htdocs\\megacables\\dm\\dmCorePlugin\\lib\\model\\doctrine\\PluginDmMedia.class.php(353): Doctrine_Record->save(NULL)\n#8 C:\\xampp\\htdocs\\megacables\\dm\\dmCorePlugin\\lib\\media\\dmMediaSynchronizer.php(54): PluginDmMedia->save()\n#9 C:\\xampp\\htdocs\\megacables\\dm\\dmCorePlugin\\lib\\model\\doctrine\\PluginDmMediaFolder.class.php(304): dmMediaSynchronizer->execute(Object(DmMediaFolder), 99)\n#10 C:\\xampp\\htdocs\\megacables\\dm\\dmCorePlugin\\modules\\dmInterface\\lib\\BasedmInterfaceActions.php(20): PluginDmMediaFolder->sync()\n#11 C:\\xampp\\htdocs\\megacables\\dm\\symfony\\lib\\action\\sfActions.class.php(60): BasedmInterfaceActions->executeLoadMediaFolder(Object(dmWebRequest))\n#12 C:\\xampp\\htdocs\\megacables\\dm\\symfony\\lib\\filter\\sfExecutionFilter.class.php(92): sfActions->execute(Object(dmWebRequest))\n#13 C:\\xampp\\htdocs\\megacables\\dm\\symfony\\lib\\filter\\sfExecutionFilter.class.php(78): sfExecutionFilter->executeAction(Object(dmInterfaceActions))\n#14 C:\\xampp\\htdocs\\megacables\\dm\\symfony\\lib\\filter\\sfExecutionFilter.class.php(42): sfExecutionFilter->handleAction(Object(sfFilterChain), Object(dmInterfaceActions))\n#15 C:\\xampp\\htdocs\\megacables\\dm\\symfony\\lib\\filter\\sfFilterChain.class.php(53): sfExecutionFilter->execute(Object(sfFilterChain))\n#16 C:\\xampp\\htdocs\\megacables\\dm\\dmAdminPlugin\\lib\\filter\\dmAdminInitFilter.php(32): sfFilterChain->execute()\n#17 C:\\xampp\\htdocs\\megacables\\dm\\symfony\\lib\\filter\\sfFilterChain.class.php(53): dmAdminInitFilter->execute(Object(sfFilterChain))\n#18 C:\\xampp\\htdocs\\megacables\\dm\\symfony\\lib\\filter\\sfBasicSecurityFilter.class.php(72): sfFilterChain->execute()\n#19 C:\\xampp\\htdocs\\megacables\\dm\\symfony\\lib\\filter\\sfFilterChain.class.php(53): sfBasicSecurityFilter->execute(Object(sfFilterChain))\n#20 C:\\xampp\\htdocs\\megacables\\dm\\dmCorePlugin\\plugins\\dmUserPlugin\\lib\\dmRememberMeFilter.class.php(56): sfFilterChain->execute()\n#21 C:\\xampp\\htdocs\\megacables\\dm\\symfony\\lib\\filter\\sfFilterChain.class.php(53): dmRememberMeFilter->execute(Object(sfFilterChain))\n#22 C:\\xampp\\htdocs\\megacables\\dm\\symfony\\lib\\filter\\sfRenderingFilter.class.php(33): sfFilterChain->execute()\n#23 C:\\xampp\\htdocs\\megacables\\dm\\symfony\\lib\\filter\\sfFilterChain.class.php(53): sfRenderingFilter->execute(Object(sfFilterChain))\n#24 C:\\xampp\\htdocs\\megacables\\dm\\symfony\\lib\\controller\\sfController.class.php(238): sfFilterChain->execute()\n#25 C:\\xampp\\htdocs\\megacables\\dm\\dmCorePlugin\\lib\\controller\\dmFrontWebController.php(38): sfController->forward(\'dmInterface\', \'loadMediaFolder\')\n#26 C:\\xampp\\htdocs\\megacables\\dm\\dmCorePlugin\\lib\\context\\dmContext.php(290): dmFrontWebController->dispatch()\n#27 C:\\xampp\\htdocs\\megacables\\web\\admin_dev.php(7): dmContext->dispatch()\n#28 {main}','dmInterface','loadMediaFolder','http://megacables.dev/admin_dev.php/+/dmInterface/loadMediaFolder?folder_id=5&dm_cpi=0&dm_xhr=1&_=1366901424442','dev','2013-04-25 16:50:25');

/*Table structure for table `dm_group` */

DROP TABLE IF EXISTS `dm_group`;

CREATE TABLE `dm_group` (
  `id` bigint(20) NOT NULL AUTO_INCREMENT,
  `name` varchar(255) COLLATE utf8_unicode_ci DEFAULT NULL,
  `description` text COLLATE utf8_unicode_ci,
  `created_at` datetime NOT NULL,
  `updated_at` datetime NOT NULL,
  PRIMARY KEY (`id`),
  UNIQUE KEY `name` (`name`)
) ENGINE=InnoDB AUTO_INCREMENT=7 DEFAULT CHARSET=utf8 COLLATE=utf8_unicode_ci;

/*Data for the table `dm_group` */

insert  into `dm_group`(`id`,`name`,`description`,`created_at`,`updated_at`) values (1,'developer','Able to read and update source code','2013-03-28 14:31:01','2013-03-28 14:31:01'),(2,'seo','Seo knowledge','2013-03-28 14:31:01','2013-03-28 14:31:01'),(3,'integrator','Integrator','2013-03-28 14:31:01','2013-03-28 14:31:01'),(4,'webmaster 1','Webmaster level 1','2013-03-28 14:31:01','2013-03-28 14:31:01'),(5,'writer','Writer','2013-03-28 14:31:01','2013-03-28 14:31:01'),(6,'front_editor','Can fast edit front widgets','2013-03-28 14:31:01','2013-03-28 14:31:01');

/*Table structure for table `dm_group_permission` */

DROP TABLE IF EXISTS `dm_group_permission`;

CREATE TABLE `dm_group_permission` (
  `dm_group_id` bigint(20) NOT NULL DEFAULT '0',
  `dm_permission_id` bigint(20) NOT NULL DEFAULT '0',
  PRIMARY KEY (`dm_group_id`,`dm_permission_id`),
  KEY `dm_group_permission_dm_permission_id_dm_permission_id` (`dm_permission_id`),
  CONSTRAINT `dm_group_permission_dm_group_id_dm_group_id` FOREIGN KEY (`dm_group_id`) REFERENCES `dm_group` (`id`) ON DELETE CASCADE,
  CONSTRAINT `dm_group_permission_dm_permission_id_dm_permission_id` FOREIGN KEY (`dm_permission_id`) REFERENCES `dm_permission` (`id`) ON DELETE CASCADE
) ENGINE=InnoDB DEFAULT CHARSET=utf8 COLLATE=utf8_unicode_ci;

/*Data for the table `dm_group_permission` */

insert  into `dm_group_permission`(`dm_group_id`,`dm_permission_id`) values (1,1),(2,2),(3,2),(4,2),(5,2),(3,5),(3,9),(4,9),(5,9),(3,10),(3,11),(3,12),(3,13),(3,14),(3,15),(6,16),(6,17),(6,18),(6,19),(6,20),(6,21),(6,22),(3,23),(3,24),(3,25),(2,26),(3,26),(4,26),(5,26),(3,27),(4,27),(5,27),(3,28),(2,30),(3,30),(4,30),(5,30),(2,31),(3,31),(4,31),(3,32),(4,32),(2,33),(3,33),(4,33),(2,34),(3,34),(4,34),(5,34),(3,35),(3,36),(2,37),(2,38),(2,39),(2,41),(2,42),(2,43),(2,44),(2,45),(4,47),(2,48),(3,48),(4,48),(5,48),(2,49),(3,49),(4,49),(5,49),(2,54),(3,54),(4,54),(3,55),(4,55),(3,56),(3,60),(3,61),(3,62),(3,63),(3,64);

/*Table structure for table `dm_layout` */

DROP TABLE IF EXISTS `dm_layout`;

CREATE TABLE `dm_layout` (
  `id` bigint(20) NOT NULL AUTO_INCREMENT,
  `name` varchar(255) COLLATE utf8_unicode_ci NOT NULL,
  `template` varchar(255) COLLATE utf8_unicode_ci NOT NULL DEFAULT 'page',
  `css_class` varchar(255) COLLATE utf8_unicode_ci DEFAULT NULL,
  PRIMARY KEY (`id`),
  UNIQUE KEY `name` (`name`)
) ENGINE=InnoDB AUTO_INCREMENT=6 DEFAULT CHARSET=utf8 COLLATE=utf8_unicode_ci;

/*Data for the table `dm_layout` */

insert  into `dm_layout`(`id`,`name`,`template`,`css_class`) values (1,'Global','page','body_ext'),(2,'News','news','body_ext'),(3,'Product','product','body_ext'),(4,'Interior','interior','body_ext'),(5,'Category','category','body_ext');

/*Table structure for table `dm_lock` */

DROP TABLE IF EXISTS `dm_lock`;

CREATE TABLE `dm_lock` (
  `id` bigint(20) NOT NULL AUTO_INCREMENT,
  `user_id` bigint(20) NOT NULL,
  `user_name` varchar(255) COLLATE utf8_unicode_ci NOT NULL,
  `module` varchar(127) COLLATE utf8_unicode_ci NOT NULL,
  `action` varchar(127) COLLATE utf8_unicode_ci NOT NULL,
  `record_id` bigint(20) unsigned NOT NULL DEFAULT '0',
  `time` bigint(20) NOT NULL,
  `app` varchar(127) COLLATE utf8_unicode_ci NOT NULL,
  `url` varchar(255) COLLATE utf8_unicode_ci NOT NULL,
  `culture` varchar(15) COLLATE utf8_unicode_ci NOT NULL,
  PRIMARY KEY (`id`),
  UNIQUE KEY `dmLockIndex_idx` (`user_id`,`module`,`action`,`record_id`),
  KEY `user_id_idx` (`user_id`),
  CONSTRAINT `dm_lock_user_id_dm_user_id` FOREIGN KEY (`user_id`) REFERENCES `dm_user` (`id`) ON DELETE CASCADE
) ENGINE=InnoDB AUTO_INCREMENT=51 DEFAULT CHARSET=utf8 COLLATE=utf8_unicode_ci;

/*Data for the table `dm_lock` */

insert  into `dm_lock`(`id`,`user_id`,`user_name`,`module`,`action`,`record_id`,`time`,`app`,`url`,`culture`) values (48,1,'admin','dmAdmin','index',0,1366999673,'admin','/admin.php/','es'),(49,1,'admin','dmGoogleAnalytics','index',0,1366999650,'admin','/admin.php/seo/services/google-analytics/index','es'),(50,1,'admin','dmUserAdmin','signout',0,1366999672,'admin','/admin.php/security/signout','es');

/*Table structure for table `dm_mail_template` */

DROP TABLE IF EXISTS `dm_mail_template`;

CREATE TABLE `dm_mail_template` (
  `id` bigint(20) NOT NULL AUTO_INCREMENT,
  `name` varchar(255) COLLATE utf8_unicode_ci NOT NULL,
  `vars` text COLLATE utf8_unicode_ci,
  `created_at` datetime NOT NULL,
  `updated_at` datetime NOT NULL,
  PRIMARY KEY (`id`),
  UNIQUE KEY `name` (`name`)
) ENGINE=InnoDB AUTO_INCREMENT=2 DEFAULT CHARSET=utf8 COLLATE=utf8_unicode_ci;

/*Data for the table `dm_mail_template` */

insert  into `dm_mail_template`(`id`,`name`,`vars`,`created_at`,`updated_at`) values (1,'dm_user_forgot_password','username, email, step2_url','2013-03-28 14:31:05','2013-03-28 14:31:05');

/*Table structure for table `dm_mail_template_translation` */

DROP TABLE IF EXISTS `dm_mail_template_translation`;

CREATE TABLE `dm_mail_template_translation` (
  `id` bigint(20) NOT NULL DEFAULT '0',
  `description` text COLLATE utf8_unicode_ci,
  `subject` text COLLATE utf8_unicode_ci NOT NULL,
  `body` longtext COLLATE utf8_unicode_ci NOT NULL,
  `from_email` text COLLATE utf8_unicode_ci NOT NULL,
  `to_email` text COLLATE utf8_unicode_ci,
  `cc_email` text COLLATE utf8_unicode_ci,
  `bcc_email` text COLLATE utf8_unicode_ci,
  `reply_to_email` text COLLATE utf8_unicode_ci,
  `sender_email` text COLLATE utf8_unicode_ci,
  `list_unsuscribe` text COLLATE utf8_unicode_ci,
  `is_html` tinyint(1) NOT NULL DEFAULT '0',
  `is_active` tinyint(1) NOT NULL DEFAULT '1',
  `lang` char(7) COLLATE utf8_unicode_ci NOT NULL DEFAULT '',
  PRIMARY KEY (`id`,`lang`),
  CONSTRAINT `dm_mail_template_translation_id_dm_mail_template_id` FOREIGN KEY (`id`) REFERENCES `dm_mail_template` (`id`) ON DELETE CASCADE ON UPDATE CASCADE
) ENGINE=InnoDB DEFAULT CHARSET=utf8 COLLATE=utf8_unicode_ci;

/*Data for the table `dm_mail_template_translation` */

insert  into `dm_mail_template_translation`(`id`,`description`,`subject`,`body`,`from_email`,`to_email`,`cc_email`,`bcc_email`,`reply_to_email`,`sender_email`,`list_unsuscribe`,`is_html`,`is_active`,`lang`) values (1,'Sent to a user that requests a new password','Megacables: change your password','Hello %username%\nYou can choose a new password at %step2_url%','webmaster@domain.com','%email%',NULL,NULL,NULL,NULL,NULL,0,1,'es');

/*Table structure for table `dm_media` */

DROP TABLE IF EXISTS `dm_media`;

CREATE TABLE `dm_media` (
  `id` bigint(20) NOT NULL AUTO_INCREMENT,
  `dm_media_folder_id` bigint(20) NOT NULL,
  `file` varchar(255) COLLATE utf8_unicode_ci NOT NULL,
  `mime` varchar(128) COLLATE utf8_unicode_ci NOT NULL,
  `size` int(10) unsigned DEFAULT NULL,
  `dimensions` varchar(15) COLLATE utf8_unicode_ci DEFAULT NULL,
  `created_at` datetime NOT NULL,
  `updated_at` datetime NOT NULL,
  PRIMARY KEY (`id`),
  UNIQUE KEY `folderFile_idx` (`dm_media_folder_id`,`file`),
  KEY `dm_media_folder_id_idx` (`dm_media_folder_id`),
  CONSTRAINT `dm_media_dm_media_folder_id_dm_media_folder_id` FOREIGN KEY (`dm_media_folder_id`) REFERENCES `dm_media_folder` (`id`) ON DELETE CASCADE
) ENGINE=InnoDB AUTO_INCREMENT=64 DEFAULT CHARSET=utf8 COLLATE=utf8_unicode_ci;

/*Data for the table `dm_media` */

insert  into `dm_media`(`id`,`dm_media_folder_id`,`file`,`mime`,`size`,`dimensions`,`created_at`,`updated_at`) values (1,2,'logo_megacables.png','image/png',10080,'351x101','2013-03-28 16:26:15','2013-03-28 16:26:15'),(2,3,'distribuidor_de_cables_ecuador.jpg','image/jpeg',193953,'1009x404','2013-04-12 16:04:58','2013-04-12 16:05:01'),(3,4,'ico_construccion.png','image/png',1743,'43x43','2013-04-17 16:09:45','2013-04-17 16:09:47'),(4,4,'ico_sistemas.png','image/png',2217,'43x43','2013-04-17 16:09:45','2013-04-17 16:09:47'),(5,4,'ico_telecomunicaciones.png','image/png',1648,'43x43','2013-04-17 16:09:45','2013-04-17 16:09:47'),(6,4,'ico_transmision.png','image/png',2182,'43x43','2013-04-17 16:09:45','2013-04-17 16:09:47'),(7,4,'ico_industrial.png','image/png',1480,'43x43','2013-04-17 16:12:29','2013-04-17 16:12:31'),(8,3,'asesoria_en_articulos_de_electricidad.jpg','image/jpeg',81878,'1009x404','2013-04-17 22:57:11','2013-04-17 22:57:14'),(9,3,'comercializadora_de_material_electrico.jpg','image/jpeg',95148,'1009x404','2013-04-17 22:57:11','2013-04-17 22:57:14'),(10,3,'megacables_ecuador_consultas_sugerencias.jpg','image/jpeg',78722,'1009x280','2013-04-17 23:12:00','2013-04-17 23:12:00'),(11,3,'megacables_ecuador_nuestra_empresa - copia.jpg','image/jpeg',78722,'1009x280','2013-04-17 23:12:00','2013-04-17 23:12:00'),(12,5,'acometidas_telefonicas_copperweld_mn.jpg','image/jpeg',4294,'200x200','2013-04-18 16:38:33','2013-04-25 16:05:46'),(13,6,'aeropuerto_de_guayaquil_megacables.JPG','image/jpeg',1302810,'1229x922','2013-04-18 17:27:23','2013-04-18 17:29:33'),(14,6,'malecon_de_guayaquil_megacables.jpg','image/jpeg',207650,'1100x736','2013-04-18 17:29:32','2013-04-18 17:29:33'),(15,3,'222.jpg','image/jpeg',57225,'1009x280','2013-04-18 18:54:00','2013-04-18 18:54:03'),(17,3,'banner4.jpg','image/jpeg',68625,'1009x280','2013-04-18 18:54:00','2013-04-18 18:54:03'),(18,3,'productos_electricos_cables_ecuador.jpg','image/jpeg',106165,'1009x280','2013-04-18 18:54:00','2013-04-18 18:54:03'),(19,3,'distribuidor_comercializador_de-cables_ecuador.jpg','image/jpeg',64167,'1009x280','2013-04-18 18:55:52','2013-04-18 18:55:55'),(20,7,'web_megac_interior_cortes_07.png','image/png',23855,'301x100','2013-04-18 19:09:06','2013-04-18 19:09:06'),(21,7,'pub_electrical_technical_support.jpg','image/jpeg',15134,'220x192','2013-04-18 19:29:38','2013-04-18 19:29:38'),(22,3,'experiencia_electricidad.jpg','image/jpeg',55107,'1009x280','2013-04-18 19:41:27','2013-04-18 19:41:27'),(23,6,'elks-u-of-m-shirts.jpg','image/jpeg',12776,'450x230','2013-04-18 20:47:52','2013-04-18 20:47:53'),(24,6,'mapa-de-ecuador-jpg.jpg','image/jpeg',101593,'656x532','2013-04-18 20:48:09','2013-04-18 20:48:11'),(25,6,'pizap-com13662934960161.jpg','image/jpeg',219320,'1024x768','2013-04-18 20:48:40','2013-04-18 20:48:41'),(26,4,'ico_construccion - copia.png','image/png',1743,'43x43','2013-04-25 15:19:19','2013-04-26 17:45:41'),(27,4,'ico_industrial - copia.png','image/png',1480,'43x43','2013-04-25 15:19:19','2013-04-26 17:45:41'),(28,4,'ico_sistemas - copia.png','image/png',2217,'43x43','2013-04-25 15:19:19','2013-04-26 17:45:41'),(29,4,'ico_telecomunicaciones - copia.png','image/png',1648,'43x43','2013-04-25 15:19:19','2013-04-26 17:45:41'),(30,4,'ico_transmision - copia.png','image/png',2182,'43x43','2013-04-25 15:19:19','2013-04-26 17:45:41'),(31,5,'cables_concentricos.jpg','image/jpeg',6555,'200x200','2013-04-25 16:31:18','2013-04-25 16:51:27'),(33,5,'cables_flexibles.jpg','image/jpeg',4405,'200x200','2013-04-25 16:31:18','2013-04-25 16:51:27'),(34,5,'cable_coaxial_megacables.jpg','image/jpeg',4759,'200x200','2013-04-25 16:31:18','2013-04-25 16:51:27'),(35,5,'cable_multipar.jpg','image/jpeg',6088,'200x200','2013-04-25 16:31:18','2013-04-25 16:51:27'),(36,5,'cable_multipar_de_cobre_megacables.jpg','image/jpeg',6110,'200x200','2013-04-25 16:31:18','2013-04-25 16:51:27'),(37,5,'cable_para_datos.jpg','image/jpeg',6824,'200x200','2013-04-25 16:31:18','2013-04-25 16:51:27'),(50,5,'cables_de_bateria_sgt.jpg','image/jpeg',7943,'200x200','2013-04-25 16:51:24','2013-04-25 16:51:27'),(51,5,'acometidas_telefonicas_copperweld.jpg','image/jpeg',4294,'200x200','2013-04-25 20:42:05','2013-04-25 20:42:05'),(52,5,'cables_concentricos_mn.jpg','image/jpeg',6555,'200x200','2013-04-25 20:42:05','2013-04-25 20:42:05'),(53,5,'cables_de_bateria_sgt_mn.jpg','image/jpeg',7943,'200x200','2013-04-25 20:42:05','2013-04-25 20:42:05'),(54,5,'cables_flexibles_mn.jpg','image/jpeg',4405,'200x200','2013-04-25 20:42:05','2013-04-25 20:42:05'),(55,5,'cable_coaxial_megacables_mn.jpg','image/jpeg',4759,'200x200','2013-04-25 20:42:05','2013-04-25 20:42:05'),(56,5,'cable_multipar_de_cobre_megacables_mn.jpg','image/jpeg',6110,'200x200','2013-04-25 20:42:05','2013-04-25 20:42:05'),(57,5,'cable_multipar_mn.jpg','image/jpeg',6088,'200x200','2013-04-25 20:42:05','2013-04-25 20:42:05'),(58,5,'cable_para_datos_mn.jpg','image/jpeg',6824,'200x200','2013-04-25 20:42:05','2013-04-25 20:42:05'),(59,5,'web_megac_producto_03.jpg','image/jpeg',33032,'693x259','2013-04-25 21:53:04','2013-04-25 21:58:42'),(60,7,'pub_electrical_technical_support - copia.jpg','image/jpeg',15134,NULL,'2013-04-26 15:39:40','2013-04-26 15:39:40'),(61,7,'pub_electrical_technical_support_6d5485.jpg','image/jpeg',21659,NULL,'2013-04-26 15:39:40','2013-04-26 15:39:40'),(62,5,'ficha.csv','text/csv',53,NULL,'2013-04-26 18:00:38','2013-04-26 18:00:38'),(63,5,'documento1.pdf','application/pdf',35490,NULL,'2013-04-26 19:25:31','2013-04-26 19:25:31');

/*Table structure for table `dm_media_folder` */

DROP TABLE IF EXISTS `dm_media_folder`;

CREATE TABLE `dm_media_folder` (
  `id` bigint(20) NOT NULL AUTO_INCREMENT,
  `rel_path` varchar(255) COLLATE utf8_unicode_ci NOT NULL,
  `lft` int(11) DEFAULT NULL,
  `rgt` int(11) DEFAULT NULL,
  `level` smallint(6) DEFAULT NULL,
  PRIMARY KEY (`id`),
  UNIQUE KEY `rel_path` (`rel_path`)
) ENGINE=InnoDB AUTO_INCREMENT=8 DEFAULT CHARSET=utf8 COLLATE=utf8_unicode_ci;

/*Data for the table `dm_media_folder` */

insert  into `dm_media_folder`(`id`,`rel_path`,`lft`,`rgt`,`level`) values (1,'',1,14,0),(2,'assets',2,3,1),(3,'banners',4,5,1),(4,'category',6,7,1),(5,'product',8,9,1),(6,'new_item',10,11,1),(7,'widget',12,13,1);

/*Table structure for table `dm_media_translation` */

DROP TABLE IF EXISTS `dm_media_translation`;

CREATE TABLE `dm_media_translation` (
  `id` bigint(20) NOT NULL DEFAULT '0',
  `legend` varchar(255) COLLATE utf8_unicode_ci DEFAULT NULL,
  `author` varchar(255) COLLATE utf8_unicode_ci DEFAULT NULL,
  `license` varchar(255) COLLATE utf8_unicode_ci DEFAULT NULL,
  `lang` char(2) COLLATE utf8_unicode_ci NOT NULL DEFAULT '',
  PRIMARY KEY (`id`,`lang`),
  CONSTRAINT `dm_media_translation_id_dm_media_id` FOREIGN KEY (`id`) REFERENCES `dm_media` (`id`) ON DELETE CASCADE ON UPDATE CASCADE
) ENGINE=InnoDB DEFAULT CHARSET=utf8 COLLATE=utf8_unicode_ci;

/*Data for the table `dm_media_translation` */

insert  into `dm_media_translation`(`id`,`legend`,`author`,`license`,`lang`) values (12,'','','','es'),(13,'','','','es'),(14,'','','','es'),(23,'','','','es'),(24,'','','','es'),(25,'','','','es'),(59,'','','','es'),(62,'','','','es'),(63,'','','','es');

/*Table structure for table `dm_page` */

DROP TABLE IF EXISTS `dm_page`;

CREATE TABLE `dm_page` (
  `id` bigint(20) NOT NULL AUTO_INCREMENT,
  `module` varchar(127) COLLATE utf8_unicode_ci NOT NULL,
  `action` varchar(127) COLLATE utf8_unicode_ci NOT NULL,
  `record_id` bigint(20) unsigned NOT NULL DEFAULT '0',
  `credentials` varchar(255) COLLATE utf8_unicode_ci DEFAULT NULL,
  `lft` int(11) DEFAULT NULL,
  `rgt` int(11) DEFAULT NULL,
  `level` smallint(6) DEFAULT NULL,
  PRIMARY KEY (`id`),
  UNIQUE KEY `recordModuleAction_idx` (`module`,`action`,`record_id`)
) ENGINE=InnoDB AUTO_INCREMENT=27 DEFAULT CHARSET=utf8 COLLATE=utf8_unicode_ci;

/*Data for the table `dm_page` */

insert  into `dm_page`(`id`,`module`,`action`,`record_id`,`credentials`,`lft`,`rgt`,`level`) values (1,'main','root',0,NULL,1,50,0),(2,'main','error404',0,NULL,4,5,1),(3,'main','signin',0,NULL,2,3,1),(4,'category','list',0,'',6,39,1),(5,'category','show',1,'',7,26,2),(6,'category','show',5,NULL,27,32,2),(7,'category','show',2,NULL,33,34,2),(8,'category','show',4,NULL,35,36,2),(9,'category','show',3,NULL,37,38,2),(10,'main','contactos',0,'',40,41,1),(11,'main','empresa',0,NULL,42,43,1),(12,'newItem','list',0,'',44,49,1),(13,'category','show',6,NULL,8,25,3),(14,'product','show',1,'',9,10,4),(15,'newItem','show',1,'',45,46,2),(16,'newItem','show',2,NULL,47,48,2),(17,'product','show',2,NULL,11,12,4),(18,'product','show',3,NULL,13,14,4),(19,'product','show',4,NULL,15,16,4),(20,'product','show',5,NULL,17,18,4),(21,'product','show',6,NULL,19,20,4),(22,'product','show',7,NULL,21,22,4),(23,'product','show',8,NULL,23,24,4),(24,'category','show',7,NULL,28,29,3),(25,'category','show',8,NULL,30,31,3);

/*Table structure for table `dm_page_translation` */

DROP TABLE IF EXISTS `dm_page_translation`;

CREATE TABLE `dm_page_translation` (
  `id` bigint(20) NOT NULL DEFAULT '0',
  `slug` varchar(255) COLLATE utf8_unicode_ci NOT NULL,
  `name` varchar(255) COLLATE utf8_unicode_ci NOT NULL,
  `title` varchar(255) COLLATE utf8_unicode_ci DEFAULT NULL,
  `h1` varchar(255) COLLATE utf8_unicode_ci DEFAULT NULL,
  `description` varchar(255) COLLATE utf8_unicode_ci DEFAULT NULL,
  `keywords` varchar(255) COLLATE utf8_unicode_ci DEFAULT NULL,
  `auto_mod` varchar(6) COLLATE utf8_unicode_ci NOT NULL DEFAULT 'snthdk',
  `is_active` tinyint(1) NOT NULL DEFAULT '1',
  `is_secure` tinyint(1) NOT NULL DEFAULT '0',
  `is_indexable` tinyint(1) NOT NULL DEFAULT '1',
  `lang` char(7) COLLATE utf8_unicode_ci NOT NULL DEFAULT '',
  PRIMARY KEY (`id`,`lang`),
  CONSTRAINT `dm_page_translation_id_dm_page_id` FOREIGN KEY (`id`) REFERENCES `dm_page` (`id`) ON DELETE CASCADE ON UPDATE CASCADE
) ENGINE=InnoDB DEFAULT CHARSET=utf8 COLLATE=utf8_unicode_ci;

/*Data for the table `dm_page_translation` */

insert  into `dm_page_translation`(`id`,`slug`,`name`,`title`,`h1`,`description`,`keywords`,`auto_mod`,`is_active`,`is_secure`,`is_indexable`,`lang`) values (1,'','Home','Home',NULL,NULL,NULL,'snthdk',1,0,1,'es'),(2,'error404.html','Page not found','Page not found',NULL,NULL,NULL,'snthdk',1,0,1,'es'),(3,'security/signin.html','Signin','Signin',NULL,NULL,NULL,'snthdk',1,0,1,'es'),(4,'categorias.html','Categorias','Categorias','','Categorias','','snthdk',1,0,1,'es'),(5,'categorias/construccion.html','Construcción','Construcción','','Construcción','','snthdk',1,0,1,'es'),(6,'categorias/sistema-portacable.html','Sistema Portacable','Sistema Portacable',NULL,'Sistema Portacable',NULL,'snthdk',1,0,1,'es'),(7,'categorias/telecomunicaciones.html','Telecomunicaciones','Telecomunicaciones',NULL,'Telecomunicaciones',NULL,'snthdk',1,0,1,'es'),(8,'categorias/transmision-y-distribucion-electrica.html','Transmisión y Distribución eléctrica','Transmisión y Distribución eléctrica',NULL,'Transmisión y Distribución eléctrica',NULL,'snthdk',1,0,1,'es'),(9,'categorias/industrial.html','Industrial','Industrial',NULL,'Industrial',NULL,'snthdk',1,0,1,'es'),(10,'contactos.html','Contactos','Contactos','','','','snthdk',1,0,1,'es'),(11,'empresa.html','Empresa','Empresa',NULL,NULL,NULL,'snthdk',1,0,1,'es'),(12,'proyectos.html','Proyectos','Proyectos','','Proyectos','','snthdk',1,0,1,'es'),(13,'categorias/construccion/categoria-de-construccion.html','Categoria de Construcción','Categoria de Construcción',NULL,'Categoria de Construcción',NULL,'snthdk',1,0,1,'es'),(14,'categorias/construccion/categoria-de-construccion/acometidas-telefonicas-copperweld.html','Acometidas Telefónicas Copperweld','Acometidas Telefónicas Copperweld','','Acometidas Telefónicas Copperweld','','snthdk',1,0,1,'es'),(15,'proyectos/aeropuerto-jose-joaquin-de-olmedo.html','Aeropuerto José Joaquín de Olmedo','Aeropuerto José Joaquín de Olmedo','','Aeropuerto José Joaquín de Olmedo','','snthdk',1,0,1,'es'),(16,'proyectos/malecon-de-guayaquil.html','Malecón de Guayaquil','Malecón de Guayaquil',NULL,'Malecón de Guayaquil',NULL,'snthdk',1,0,1,'es'),(17,'categorias/construccion/categoria-de-construccion/cable-multipar-de-cobre.html','Cable Multipar de Cobre','Cable Multipar de Cobre',NULL,'Cable Multipar de Cobre',NULL,'snthdk',1,0,1,'es'),(18,'categorias/construccion/categoria-de-construccion/cable-coaxcial.html','Cable Coaxcial','Cable Coaxcial',NULL,'Cable Coaxcial',NULL,'snthdk',1,0,1,'es'),(19,'categorias/construccion/categoria-de-construccion/cable-multipar.html','Cable Multipar','Cable Multipar',NULL,'Cable Multipar',NULL,'snthdk',1,0,1,'es'),(20,'categorias/construccion/categoria-de-construccion/cable-para-datos.html','Cable para datos','Cable para datos',NULL,'Cable para datos',NULL,'snthdk',1,0,1,'es'),(21,'categorias/construccion/categoria-de-construccion/cables-concentricos.html','Cables Concentricos','Cables Concentricos',NULL,'Cables Concentricos',NULL,'snthdk',1,0,1,'es'),(22,'categorias/construccion/categoria-de-construccion/cables-de-bateria.html','Cables de batería','Cables de batería',NULL,'Cables de batería',NULL,'snthdk',1,0,1,'es'),(23,'categorias/construccion/categoria-de-construccion/cable-flexible.html','Cable Flexible','Cable Flexible',NULL,'Cable Flexible',NULL,'snthdk',1,0,1,'es'),(24,'categorias/sistema-portacable/sistemas-dettipo-malla.html','Sistemas deTtipo Malla','Sistemas deTtipo Malla',NULL,'Sistemas deTtipo Malla',NULL,'snthdk',1,0,1,'es'),(25,'categorias/sistema-portacable/sistema-escalera.html','Sistema Escalera','Sistema Escalera',NULL,'Sistema Escalera',NULL,'snthdk',1,0,1,'es');

/*Table structure for table `dm_page_view` */

DROP TABLE IF EXISTS `dm_page_view`;

CREATE TABLE `dm_page_view` (
  `id` bigint(20) NOT NULL AUTO_INCREMENT,
  `module` varchar(127) COLLATE utf8_unicode_ci NOT NULL,
  `action` varchar(127) COLLATE utf8_unicode_ci NOT NULL,
  `dm_layout_id` bigint(20) DEFAULT NULL,
  PRIMARY KEY (`id`),
  UNIQUE KEY `dmPageViewModuleAction_idx` (`module`,`action`),
  KEY `dm_layout_id_idx` (`dm_layout_id`),
  CONSTRAINT `dm_page_view_dm_layout_id_dm_layout_id` FOREIGN KEY (`dm_layout_id`) REFERENCES `dm_layout` (`id`) ON DELETE SET NULL
) ENGINE=InnoDB AUTO_INCREMENT=11 DEFAULT CHARSET=utf8 COLLATE=utf8_unicode_ci;

/*Data for the table `dm_page_view` */

insert  into `dm_page_view`(`id`,`module`,`action`,`dm_layout_id`) values (1,'main','root',1),(2,'main','error404',1),(3,'main','signin',1),(4,'category','list',5),(5,'category','show',4),(6,'main','contactos',1),(7,'main','empresa',1),(8,'newItem','list',2),(9,'product','show',3),(10,'newItem','show',2);

/*Table structure for table `dm_permission` */

DROP TABLE IF EXISTS `dm_permission`;

CREATE TABLE `dm_permission` (
  `id` bigint(20) NOT NULL AUTO_INCREMENT,
  `name` varchar(255) COLLATE utf8_unicode_ci DEFAULT NULL,
  `description` text COLLATE utf8_unicode_ci,
  `created_at` datetime NOT NULL,
  `updated_at` datetime NOT NULL,
  PRIMARY KEY (`id`),
  UNIQUE KEY `name` (`name`)
) ENGINE=InnoDB AUTO_INCREMENT=65 DEFAULT CHARSET=utf8 COLLATE=utf8_unicode_ci;

/*Data for the table `dm_permission` */

insert  into `dm_permission`(`id`,`name`,`description`,`created_at`,`updated_at`) values (1,'system','System administrator','2013-03-28 14:31:01','2013-03-28 14:31:01'),(2,'admin','Log into administration','2013-03-28 14:31:01','2013-03-28 14:31:01'),(3,'clear_cache','Clear the cache','2013-03-28 14:31:01','2013-03-28 14:31:01'),(4,'log','Manage logs','2013-03-28 14:31:01','2013-03-28 14:31:01'),(5,'code_editor','Use admin and front code editors','2013-03-28 14:31:01','2013-03-28 14:31:01'),(6,'security_user','Manage security users','2013-03-28 14:31:01','2013-03-28 14:31:01'),(7,'security_permission','Manage security permissions','2013-03-28 14:31:01','2013-03-28 14:31:01'),(8,'security_group','Manage security groups','2013-03-28 14:31:01','2013-03-28 14:31:01'),(9,'content','CRUD dynamic content in admin','2013-03-28 14:31:01','2013-03-28 14:31:01'),(10,'zone_add','Add zones','2013-03-28 14:31:01','2013-03-28 14:31:01'),(11,'zone_edit','Edit zones','2013-03-28 14:31:01','2013-03-28 14:31:01'),(12,'zone_delete','Delete zones','2013-03-28 14:31:01','2013-03-28 14:31:01'),(13,'widget_add','Add widgets','2013-03-28 14:31:01','2013-03-28 14:31:01'),(14,'widget_edit','Edit widgets','2013-03-28 14:31:01','2013-03-28 14:31:01'),(15,'widget_delete','Delete widgets','2013-03-28 14:31:01','2013-03-28 14:31:01'),(16,'widget_edit_fast','Can fast edit widgets','2013-03-28 14:31:01','2013-03-28 14:31:01'),(17,'widget_edit_fast_record','Fast edit widget record','2013-03-28 14:31:01','2013-03-28 14:31:01'),(18,'widget_edit_fast_content_title','Fast edit widget content title','2013-03-28 14:31:01','2013-03-28 14:31:01'),(19,'widget_edit_fast_content_link','Fast edit widget content link','2013-03-28 14:31:01','2013-03-28 14:31:01'),(20,'widget_edit_fast_content_image','Fast edit widget content image','2013-03-28 14:31:01','2013-03-28 14:31:01'),(21,'widget_edit_fast_content_text','Fast edit widget content text','2013-03-28 14:31:01','2013-03-28 14:31:01'),(22,'widget_edit_fast_navigation_menu','Fast edit widget navigation menu','2013-03-28 14:31:01','2013-03-28 14:31:01'),(23,'page_add','Add pages','2013-03-28 14:31:01','2013-03-28 14:31:01'),(24,'page_edit','Edit pages','2013-03-28 14:31:01','2013-03-28 14:31:01'),(25,'page_delete','Delete pages','2013-03-28 14:31:01','2013-03-28 14:31:01'),(26,'page_bar_admin','See page bar in admin','2013-03-28 14:31:01','2013-03-28 14:31:01'),(27,'media_bar_admin','See media bar in admin','2013-03-28 14:31:01','2013-03-28 14:31:01'),(28,'media_library','Use media library in admin','2013-03-28 14:31:01','2013-03-28 14:31:01'),(29,'media_ignore_whitelist','Upload media with any filetype','2013-03-28 14:31:01','2013-03-28 14:31:01'),(30,'tool_bar_admin','See toolbar in admin','2013-03-28 14:31:01','2013-03-28 14:31:01'),(31,'page_bar_front','See page bar in front','2013-03-28 14:31:01','2013-03-28 14:31:01'),(32,'media_bar_front','See media bar in front','2013-03-28 14:31:01','2013-03-28 14:31:01'),(33,'tool_bar_front','See toolbar in front','2013-03-28 14:31:01','2013-03-28 14:31:01'),(34,'site_view','See non-public website and inactive pages','2013-03-28 14:31:01','2013-03-28 14:31:01'),(35,'loremize','Create automatic random content','2013-03-28 14:31:01','2013-03-28 14:31:01'),(36,'export_table','Export table contents','2013-03-28 14:31:01','2013-03-28 14:31:01'),(37,'sitemap','Regenerate sitemap','2013-03-28 14:31:01','2013-03-28 14:31:01'),(38,'automatic_metas','Configure automatic pages metas','2013-03-28 14:31:01','2013-03-28 14:31:01'),(39,'manual_metas','Configure manually pages metas','2013-03-28 14:31:01','2013-03-28 14:31:01'),(40,'manage_pages','Move and sort pages','2013-03-28 14:31:01','2013-03-28 14:31:01'),(41,'url_redirection','Configure url redirections','2013-03-28 14:31:01','2013-03-28 14:31:01'),(42,'use_google_analytics','Use google analytics','2013-03-28 14:31:01','2013-03-28 14:31:01'),(43,'google_analytics','Configure google analytics','2013-03-28 14:31:01','2013-03-28 14:31:01'),(44,'use_google_webmaster_tools','Use google webmaster tools','2013-03-28 14:31:01','2013-03-28 14:31:01'),(45,'google_webmaster_tools','Configure google webmaster tools','2013-03-28 14:31:01','2013-03-28 14:31:01'),(46,'xiti','Configure Xiti','2013-03-28 14:31:01','2013-03-28 14:31:01'),(47,'search_engine','Manage internal search engine','2013-03-28 14:31:01','2013-03-28 14:31:01'),(48,'see_log','See the logs','2013-03-28 14:31:01','2013-03-28 14:31:01'),(49,'see_chart','See the charts','2013-03-28 14:31:01','2013-03-28 14:31:01'),(50,'see_diagrams','See the developer diagrams','2013-03-28 14:31:01','2013-03-28 14:31:01'),(51,'see_server','See the server infos','2013-03-28 14:31:01','2013-03-28 14:31:01'),(52,'see_request','See the requests window','2013-03-28 14:31:01','2013-03-28 14:31:01'),(53,'see_event','See the events window','2013-03-28 14:31:01','2013-03-28 14:31:01'),(54,'config_panel','Use the configuration panel','2013-03-28 14:31:01','2013-03-28 14:31:01'),(55,'translation','Use the translation interface','2013-03-28 14:31:01','2013-03-28 14:31:01'),(56,'layout','Use the layout interface','2013-03-28 14:31:01','2013-03-28 14:31:01'),(57,'sent_mail','See mails sent by server','2013-03-28 14:31:01','2013-03-28 14:31:01'),(58,'mail_template','Configure mail templates','2013-03-28 14:31:01','2013-03-28 14:31:01'),(59,'error_log','See error log','2013-03-28 14:31:01','2013-03-28 14:31:01'),(60,'interface_settings','Manage interface settings like default image resize method','2013-03-28 14:31:01','2013-03-28 14:31:01'),(61,'behavior_add','Add behaviors to page elements','2013-03-28 14:31:01','2013-03-28 14:31:01'),(62,'behavior_edit','Edit settings of the behaviors','2013-03-28 14:31:01','2013-03-28 14:31:01'),(63,'behavior_delete','Delete attached behaviors','2013-03-28 14:31:01','2013-03-28 14:31:01'),(64,'behavior_sort','Sort the sequence of the behaviors','2013-03-28 14:31:01','2013-03-28 14:31:01');

/*Table structure for table `dm_record_permission` */

DROP TABLE IF EXISTS `dm_record_permission`;

CREATE TABLE `dm_record_permission` (
  `id` bigint(20) NOT NULL AUTO_INCREMENT,
  `secure_module` varchar(255) COLLATE utf8_unicode_ci NOT NULL,
  `secure_action` varchar(255) COLLATE utf8_unicode_ci NOT NULL,
  `secure_model` varchar(255) COLLATE utf8_unicode_ci NOT NULL,
  `secure_record` bigint(20) NOT NULL,
  `description` text COLLATE utf8_unicode_ci,
  PRIMARY KEY (`id`)
) ENGINE=InnoDB DEFAULT CHARSET=utf8 COLLATE=utf8_unicode_ci;

/*Data for the table `dm_record_permission` */

/*Table structure for table `dm_record_permission_association` */

DROP TABLE IF EXISTS `dm_record_permission_association`;

CREATE TABLE `dm_record_permission_association` (
  `id` bigint(20) NOT NULL AUTO_INCREMENT,
  `dm_secure_action` varchar(255) COLLATE utf8_unicode_ci DEFAULT NULL,
  `dm_secure_module` varchar(255) COLLATE utf8_unicode_ci DEFAULT NULL,
  `dm_secure_model` varchar(255) COLLATE utf8_unicode_ci DEFAULT NULL,
  PRIMARY KEY (`id`)
) ENGINE=InnoDB DEFAULT CHARSET=utf8 COLLATE=utf8_unicode_ci;

/*Data for the table `dm_record_permission_association` */

/*Table structure for table `dm_record_permission_association_group` */

DROP TABLE IF EXISTS `dm_record_permission_association_group`;

CREATE TABLE `dm_record_permission_association_group` (
  `id` bigint(20) NOT NULL AUTO_INCREMENT,
  `dm_group_id` bigint(20) NOT NULL,
  `dm_record_permission_association_id` bigint(20) NOT NULL,
  PRIMARY KEY (`id`),
  KEY `dm_record_permission_association_id_idx` (`dm_record_permission_association_id`),
  KEY `dm_group_id_idx` (`dm_group_id`),
  CONSTRAINT `dddi` FOREIGN KEY (`dm_record_permission_association_id`) REFERENCES `dm_record_permission_association` (`id`) ON DELETE CASCADE,
  CONSTRAINT `dm_record_permission_association_group_dm_group_id_dm_group_id` FOREIGN KEY (`dm_group_id`) REFERENCES `dm_group` (`id`) ON DELETE CASCADE
) ENGINE=InnoDB DEFAULT CHARSET=utf8 COLLATE=utf8_unicode_ci;

/*Data for the table `dm_record_permission_association_group` */

/*Table structure for table `dm_record_permission_association_user` */

DROP TABLE IF EXISTS `dm_record_permission_association_user`;

CREATE TABLE `dm_record_permission_association_user` (
  `id` bigint(20) NOT NULL AUTO_INCREMENT,
  `dm_user_id` bigint(20) NOT NULL,
  `dm_record_permission_association_id` bigint(20) NOT NULL,
  PRIMARY KEY (`id`),
  KEY `dm_record_permission_association_id_idx` (`dm_record_permission_association_id`),
  KEY `dm_user_id_idx` (`dm_user_id`),
  CONSTRAINT `dddi_2` FOREIGN KEY (`dm_record_permission_association_id`) REFERENCES `dm_record_permission_association` (`id`) ON DELETE CASCADE,
  CONSTRAINT `dm_record_permission_association_user_dm_user_id_dm_user_id` FOREIGN KEY (`dm_user_id`) REFERENCES `dm_user` (`id`) ON DELETE CASCADE
) ENGINE=InnoDB DEFAULT CHARSET=utf8 COLLATE=utf8_unicode_ci;

/*Data for the table `dm_record_permission_association_user` */

/*Table structure for table `dm_record_permission_group` */

DROP TABLE IF EXISTS `dm_record_permission_group`;

CREATE TABLE `dm_record_permission_group` (
  `dm_group_id` bigint(20) NOT NULL DEFAULT '0',
  `dm_record_permission_id` bigint(20) NOT NULL DEFAULT '0',
  PRIMARY KEY (`dm_group_id`,`dm_record_permission_id`),
  KEY `dddi_4` (`dm_record_permission_id`),
  CONSTRAINT `dddi_4` FOREIGN KEY (`dm_record_permission_id`) REFERENCES `dm_record_permission` (`id`) ON DELETE CASCADE,
  CONSTRAINT `dm_record_permission_group_dm_group_id_dm_group_id` FOREIGN KEY (`dm_group_id`) REFERENCES `dm_group` (`id`) ON DELETE CASCADE
) ENGINE=InnoDB DEFAULT CHARSET=utf8 COLLATE=utf8_unicode_ci;

/*Data for the table `dm_record_permission_group` */

/*Table structure for table `dm_record_permission_user` */

DROP TABLE IF EXISTS `dm_record_permission_user`;

CREATE TABLE `dm_record_permission_user` (
  `dm_user_id` bigint(20) NOT NULL DEFAULT '0',
  `dm_record_permission_id` bigint(20) NOT NULL DEFAULT '0',
  PRIMARY KEY (`dm_user_id`,`dm_record_permission_id`),
  KEY `dddi_6` (`dm_record_permission_id`),
  CONSTRAINT `dddi_6` FOREIGN KEY (`dm_record_permission_id`) REFERENCES `dm_record_permission` (`id`) ON DELETE CASCADE,
  CONSTRAINT `dm_record_permission_user_dm_user_id_dm_user_id` FOREIGN KEY (`dm_user_id`) REFERENCES `dm_user` (`id`) ON DELETE CASCADE
) ENGINE=InnoDB DEFAULT CHARSET=utf8 COLLATE=utf8_unicode_ci;

/*Data for the table `dm_record_permission_user` */

/*Table structure for table `dm_redirect` */

DROP TABLE IF EXISTS `dm_redirect`;

CREATE TABLE `dm_redirect` (
  `id` bigint(20) NOT NULL AUTO_INCREMENT,
  `source` varchar(255) COLLATE utf8_unicode_ci NOT NULL,
  `dest` varchar(255) COLLATE utf8_unicode_ci NOT NULL,
  `created_at` datetime NOT NULL,
  `updated_at` datetime NOT NULL,
  PRIMARY KEY (`id`),
  UNIQUE KEY `source` (`source`)
) ENGINE=InnoDB DEFAULT CHARSET=utf8 COLLATE=utf8_unicode_ci;

/*Data for the table `dm_redirect` */

/*Table structure for table `dm_remember_key` */

DROP TABLE IF EXISTS `dm_remember_key`;

CREATE TABLE `dm_remember_key` (
  `dm_user_id` bigint(20) DEFAULT NULL,
  `remember_key` varchar(32) COLLATE utf8_unicode_ci DEFAULT NULL,
  `ip_address` varchar(50) COLLATE utf8_unicode_ci NOT NULL DEFAULT '',
  `created_at` datetime NOT NULL,
  PRIMARY KEY (`ip_address`),
  KEY `dm_user_id_idx` (`dm_user_id`),
  CONSTRAINT `dm_remember_key_dm_user_id_dm_user_id` FOREIGN KEY (`dm_user_id`) REFERENCES `dm_user` (`id`) ON DELETE CASCADE
) ENGINE=InnoDB DEFAULT CHARSET=utf8 COLLATE=utf8_unicode_ci;

/*Data for the table `dm_remember_key` */

insert  into `dm_remember_key`(`dm_user_id`,`remember_key`,`ip_address`,`created_at`) values (1,'0d5201ec5d2e3be4bc4b2ec527600a90','127.0.0.1','2013-04-26 20:06:43');

/*Table structure for table `dm_sent_mail` */

DROP TABLE IF EXISTS `dm_sent_mail`;

CREATE TABLE `dm_sent_mail` (
  `id` bigint(20) NOT NULL AUTO_INCREMENT,
  `dm_mail_template_id` bigint(20) DEFAULT NULL,
  `subject` text COLLATE utf8_unicode_ci NOT NULL,
  `body` longtext COLLATE utf8_unicode_ci NOT NULL,
  `from_email` text COLLATE utf8_unicode_ci NOT NULL,
  `to_email` text COLLATE utf8_unicode_ci,
  `cc_email` text COLLATE utf8_unicode_ci,
  `bcc_email` text COLLATE utf8_unicode_ci,
  `reply_to_email` text COLLATE utf8_unicode_ci,
  `sender_email` text COLLATE utf8_unicode_ci,
  `strategy` varchar(255) COLLATE utf8_unicode_ci DEFAULT NULL,
  `transport` varchar(255) COLLATE utf8_unicode_ci DEFAULT NULL,
  `culture` varchar(16) COLLATE utf8_unicode_ci DEFAULT NULL,
  `debug_string` longtext COLLATE utf8_unicode_ci,
  `created_at` datetime NOT NULL,
  PRIMARY KEY (`id`),
  KEY `dm_mail_template_id_idx` (`dm_mail_template_id`),
  CONSTRAINT `dm_sent_mail_dm_mail_template_id_dm_mail_template_id` FOREIGN KEY (`dm_mail_template_id`) REFERENCES `dm_mail_template` (`id`) ON DELETE SET NULL
) ENGINE=InnoDB DEFAULT CHARSET=utf8 COLLATE=utf8_unicode_ci;

/*Data for the table `dm_sent_mail` */

/*Table structure for table `dm_setting` */

DROP TABLE IF EXISTS `dm_setting`;

CREATE TABLE `dm_setting` (
  `id` bigint(20) NOT NULL AUTO_INCREMENT,
  `name` varchar(127) COLLATE utf8_unicode_ci NOT NULL,
  `type` varchar(255) COLLATE utf8_unicode_ci NOT NULL DEFAULT 'text',
  `params` text COLLATE utf8_unicode_ci,
  `group_name` varchar(255) COLLATE utf8_unicode_ci NOT NULL DEFAULT '',
  `credentials` varchar(255) COLLATE utf8_unicode_ci DEFAULT NULL,
  PRIMARY KEY (`id`),
  UNIQUE KEY `name` (`name`)
) ENGINE=InnoDB AUTO_INCREMENT=21 DEFAULT CHARSET=utf8 COLLATE=utf8_unicode_ci;

/*Data for the table `dm_setting` */

insert  into `dm_setting`(`id`,`name`,`type`,`params`,`group_name`,`credentials`) values (1,'site_name','text',NULL,'site',NULL),(2,'site_active','boolean',NULL,'site',NULL),(3,'site_indexable','boolean',NULL,'site',NULL),(4,'site_working_copy','boolean',NULL,'site',NULL),(5,'ga_key','text',NULL,'tracking','google_analytics'),(6,'ga_token','text',NULL,'internal','google_analytics'),(7,'gwt_key','text',NULL,'tracking','google_webmaster_tools'),(8,'xiti_code','textarea',NULL,'tracking','xiti'),(9,'search_stop_words','textarea',NULL,'search engine','search_engine'),(10,'base_urls','textarea',NULL,'internal','system'),(11,'image_resize_method','select','fit=Fit scale=Scale inflate=Inflate top=Top right=Right left=Left bottom=Bottom center=Center','interface','interface_settings'),(12,'image_resize_quality','number',NULL,'interface','interface_settings'),(13,'link_external_blank','boolean',NULL,'interface','interface_settings'),(14,'link_current_span','boolean',NULL,'interface','interface_settings'),(15,'link_use_page_title','boolean',NULL,'interface','interface_settings'),(16,'title_prefix','text',NULL,'seo','manual_metas'),(17,'title_suffix','text',NULL,'seo','manual_metas'),(18,'smart_404','boolean',NULL,'seo','url_redirection'),(19,'colorbox_use_theme','boolean',NULL,'Colorbox',NULL),(20,'colorbox_theme','select','theme1=Theme 1 theme2=Theme 2 theme3=Theme 3 theme4=Theme 4 theme5=Theme 5','Colorbox',NULL);

/*Table structure for table `dm_setting_translation` */

DROP TABLE IF EXISTS `dm_setting_translation`;

CREATE TABLE `dm_setting_translation` (
  `id` bigint(20) NOT NULL DEFAULT '0',
  `description` varchar(255) COLLATE utf8_unicode_ci DEFAULT NULL,
  `value` text COLLATE utf8_unicode_ci,
  `default_value` text COLLATE utf8_unicode_ci,
  `lang` char(7) COLLATE utf8_unicode_ci NOT NULL DEFAULT '',
  PRIMARY KEY (`id`,`lang`),
  CONSTRAINT `dm_setting_translation_id_dm_setting_id` FOREIGN KEY (`id`) REFERENCES `dm_setting` (`id`) ON DELETE CASCADE ON UPDATE CASCADE
) ENGINE=InnoDB DEFAULT CHARSET=utf8 COLLATE=utf8_unicode_ci;

/*Data for the table `dm_setting_translation` */

insert  into `dm_setting_translation`(`id`,`description`,`value`,`default_value`,`lang`) values (1,'The site name','Megacables','Megacables','es'),(2,'Is the site ready for visitors ?','1','1','es'),(3,'Is the site ready for search engine crawlers ?','1','1','es'),(4,'Is this site the current working copy ?','1','1','es'),(5,'The google analytics key without javascript stuff ( e.g. UA-9876614-1 )','UA-40477809-1','','es'),(6,'Auth token gor Google Analytics, computed from password','DQAAAM0AAACZqJW6UCYbObOyUXchDwrp28CkZXsEdD8O1u-6utSlrPN9bYhds9GjUByka0rTdNLM6vGn2Td5dDtoEuSlSKUQ4D5i2yekb3txvdDL0oUe69TeHWEhwbfCGI4QItohVC2DJIGSiYzGmagAEN_KKGDBnS6jzQTGOFGtItNRtgumVuok4NStl8Kvsk7Gen0yP0bwhAjgEFcpy8s6qIHGnOyClTb3KN_2NObArTKPbXNQTmCA89ypbadb2KBL9wv0JA5sXfj96jcOwmZSU9z33vMj','','es'),(7,'The google webmaster tools filename without google and .html ( e.g. a913b555ba9b4f13 )',NULL,'','es'),(8,'The xiti html code',NULL,'','es'),(9,'Words to exclude from searches (e.g. the, a, to )',NULL,'','es'),(10,'Diem base urls for different applications/environments/cultures','{\"admin-dev\":\"http:\\/\\/megacables.dev\\/admin_dev.php\",\"front-dev\":\"http:\\/\\/megacables.dev\\/dev.php\",\"front-prod\":\"http:\\/\\/megacables.dev\\/index.php\",\"admin-prod\":\"http:\\/\\/megacables.dev\\/admin.php\"}','','es'),(11,'Default method when an image needs to be resized','center','center','es'),(12,'Jpeg default quality when generating thumbnails','95','95','es'),(13,'Links to other domain get automatically a _blank target',NULL,'0','es'),(14,'Links to current page are changed from <a> to <span>','1','1','es'),(15,'Add an automatic title on link based on the target page title','1','1','es'),(16,'Append something at the beginning of all pages title',NULL,'','es'),(17,'Append something at the end of all pages title',' | Megacables',' | Megacables','es'),(18,'When a page is not found, user is redirect to a similar page. The internal search index is used to find the best page for requested url.','1','1','es'),(19,'Use a predefined colorbox theme','1','1','es'),(20,NULL,'theme3','theme1','es');

/*Table structure for table `dm_trans_unit` */

DROP TABLE IF EXISTS `dm_trans_unit`;

CREATE TABLE `dm_trans_unit` (
  `id` bigint(20) NOT NULL AUTO_INCREMENT,
  `dm_catalogue_id` bigint(20) NOT NULL,
  `source` text COLLATE utf8_unicode_ci NOT NULL,
  `target` text COLLATE utf8_unicode_ci NOT NULL,
  `meta` varchar(255) COLLATE utf8_unicode_ci DEFAULT NULL,
  `created_at` datetime NOT NULL,
  `updated_at` datetime NOT NULL,
  PRIMARY KEY (`id`),
  KEY `dm_catalogue_id_idx` (`dm_catalogue_id`),
  CONSTRAINT `dm_trans_unit_dm_catalogue_id_dm_catalogue_id` FOREIGN KEY (`dm_catalogue_id`) REFERENCES `dm_catalogue` (`id`) ON DELETE CASCADE
) ENGINE=InnoDB AUTO_INCREMENT=520 DEFAULT CHARSET=utf8 COLLATE=utf8_unicode_ci;

/*Data for the table `dm_trans_unit` */

insert  into `dm_trans_unit`(`id`,`dm_catalogue_id`,`source`,`target`,`meta`,`created_at`,`updated_at`) values (1,2,'Open','Abrir',NULL,'2013-03-28 14:31:04','2013-03-28 14:31:04'),(2,2,'Delete','Borrar',NULL,'2013-03-28 14:31:04','2013-03-28 14:31:04'),(3,2,'Add','Añadir',NULL,'2013-03-28 14:31:04','2013-03-28 14:31:04'),(4,2,'Add a %1%','Añadir un %1%',NULL,'2013-03-28 14:31:04','2013-03-28 14:31:04'),(5,2,'Cancel','Cancelar',NULL,'2013-03-28 14:31:04','2013-03-28 14:31:04'),(6,2,'Are you sure?','¿Está seguro?',NULL,'2013-03-28 14:31:04','2013-03-28 14:31:04'),(7,2,'Unassociated','No Asociado',NULL,'2013-03-28 14:31:04','2013-03-28 14:31:04'),(8,2,'Associated','Asociado',NULL,'2013-03-28 14:31:04','2013-03-28 14:31:04'),(9,2,'Forgot your password?','¿Olvidó su contraseña?',NULL,'2013-03-28 14:31:04','2013-03-28 14:31:04'),(10,2,'yes','sí',NULL,'2013-03-28 14:31:04','2013-03-28 14:31:04'),(11,2,'no','no',NULL,'2013-03-28 14:31:04','2013-03-28 14:31:04'),(12,2,'yes or no','sí o no',NULL,'2013-03-28 14:31:04','2013-03-28 14:31:04'),(13,2,'Next','Siguiente',NULL,'2013-03-28 14:31:04','2013-03-28 14:31:04'),(14,2,'Previous','Anterior',NULL,'2013-03-28 14:31:04','2013-03-28 14:31:04'),(15,2,'First','Primero',NULL,'2013-03-28 14:31:04','2013-03-28 14:31:04'),(16,2,'Last','Último',NULL,'2013-03-28 14:31:04','2013-03-28 14:31:04'),(17,2,'Is active','Está activo',NULL,'2013-03-28 14:31:04','2013-03-28 14:31:04'),(18,2,'Is active:','Está activo:',NULL,'2013-03-28 14:31:04','2013-03-28 14:31:04'),(19,2,'Updated at','Actualizado el',NULL,'2013-03-28 14:31:04','2013-03-28 14:31:04'),(20,2,'Updated at:','Actualizado el:',NULL,'2013-03-28 14:31:04','2013-03-28 14:31:04'),(21,2,'Created at','Creado el',NULL,'2013-03-28 14:31:04','2013-03-28 14:31:04'),(22,2,'Created at:','Creado el:',NULL,'2013-03-28 14:31:04','2013-03-28 14:31:04'),(23,2,'Created by','Creado por',NULL,'2013-03-28 14:31:04','2013-03-28 14:31:04'),(24,2,'Updated by','Actualizado por',NULL,'2013-03-28 14:31:04','2013-03-28 14:31:04'),(25,2,'Query','Consulta',NULL,'2013-03-28 14:31:04','2013-03-28 14:31:04'),(26,2,'Image alt','Texto de Imagen',NULL,'2013-03-28 14:31:04','2013-03-28 14:31:04'),(27,2,'Image alt:','Texto de Imagen:',NULL,'2013-03-28 14:31:04','2013-03-28 14:31:04'),(28,2,'Your modifications have been saved','Las modificaciones han sido guardadas',NULL,'2013-03-28 14:31:04','2013-03-28 14:31:04'),(29,2,'Required','Requerido',NULL,'2013-03-28 14:31:04','2013-03-28 14:31:04'),(30,2,'Content','Contenido',NULL,'2013-03-28 14:31:04','2013-03-28 14:31:04'),(31,2,'Home','Inicio',NULL,'2013-03-28 14:31:04','2013-03-28 14:31:04'),(32,2,'Tools','Herramientas',NULL,'2013-03-28 14:31:04','2013-03-28 14:31:04'),(33,2,'System','Sistema',NULL,'2013-03-28 14:31:04','2013-03-28 14:31:04'),(34,2,'Update project','Actualizar proyecto',NULL,'2013-03-28 14:31:04','2013-03-28 14:31:04'),(35,2,'Project successfully updated','Proyecto actualizado correctamente',NULL,'2013-03-28 14:31:04','2013-03-28 14:31:04'),(36,2,'Search','Búsqueda',NULL,'2013-03-28 14:31:04','2013-03-28 14:31:04'),(37,2,'Search in %1%','Buscar en %1%',NULL,'2013-03-28 14:31:04','2013-03-28 14:31:04'),(38,2,'Cancel search','Cancelar la búsqueda',NULL,'2013-03-28 14:31:04','2013-03-28 14:31:04'),(39,2,'Active search','Búsqueda activa',NULL,'2013-03-28 14:31:04','2013-03-28 14:31:04'),(40,2,'is empty','está vacído',NULL,'2013-03-28 14:31:04','2013-03-28 14:31:04'),(41,2,'from','desde',NULL,'2013-03-28 14:31:04','2013-03-28 14:31:04'),(42,2,'to','hasta',NULL,'2013-03-28 14:31:04','2013-03-28 14:31:04'),(43,2,'[0] no result|[1] 1 result|(1,+Inf] %1% results','[0] ningún resultado | [1] 1 resultado | (1,+Inf] %1% de resultados',NULL,'2013-03-28 14:31:04','2013-03-28 14:31:04'),(44,2,'Choose an action','Elegir una acción',NULL,'2013-03-28 14:31:04','2013-03-28 14:31:04'),(45,2,'Edit','Editar',NULL,'2013-03-28 14:31:04','2013-03-28 14:31:04'),(46,2,'New','Nuevo',NULL,'2013-03-28 14:31:04','2013-03-28 14:31:04'),(47,2,'You must at least select one item.','Debe elegir por lo menos un elemento.',NULL,'2013-03-28 14:31:04','2013-03-28 14:31:04'),(48,2,'Filter','Filtro',NULL,'2013-03-28 14:31:04','2013-03-28 14:31:04'),(49,2,'Reset','Resetear',NULL,'2013-03-28 14:31:04','2013-03-28 14:31:04'),(50,2,'Add a','Añadir uno',NULL,'2013-03-28 14:31:04','2013-03-28 14:31:04'),(51,2,'The item was updated successfully.','El elemento se ha actualizado con éxito.',NULL,'2013-03-28 14:31:04','2013-03-28 14:31:04'),(52,2,'The item has not been saved due to some errors.','El elemento no se ha guardado debido a algunos errores.',NULL,'2013-03-28 14:31:04','2013-03-28 14:31:04'),(53,2,'Invalid.','Inválido.',NULL,'2013-03-28 14:31:04','2013-03-28 14:31:04'),(54,2,'Required.','Obligatorio.',NULL,'2013-03-28 14:31:04','2013-03-28 14:31:04'),(55,2,'The item was updated successfully. You can add another one below.','El elemento se ha actualizado con éxito. Puede agregar otro debajo.',NULL,'2013-03-28 14:31:04','2013-03-28 14:31:04'),(56,2,'Translation','Traducción',NULL,'2013-03-28 14:31:04','2013-03-28 14:31:04'),(57,2,'Sentences','Frases',NULL,'2013-03-28 14:31:04','2013-03-28 14:31:04'),(58,2,'Loremize','Loremizar',NULL,'2013-03-28 14:31:04','2013-03-28 14:31:04'),(59,2,'does not match the date format','no coincide con el formato de fecha',NULL,'2013-03-28 14:31:04','2013-03-28 14:31:04'),(60,2,'The date must be before','La fecha debe ser anterior a',NULL,'2013-03-28 14:31:04','2013-03-28 14:31:04'),(61,2,'The date must be after','La fecha debe ser posterior a',NULL,'2013-03-28 14:31:04','2013-03-28 14:31:04'),(62,2,'[0]no element|[1]1 element|(1,+Inf]%1% elements','[0] no hay ningún elemento | [1] 1 elemento | (1,+Inf] %1% elementos',NULL,'2013-03-28 14:31:04','2013-03-28 14:31:04'),(63,2,'You must select an action to execute on the selected items.','Debe seleccionar una acción a ejecutar con los elementos seleccionados.',NULL,'2013-03-28 14:31:04','2013-03-28 14:31:04'),(64,2,'No result','Ningún resultado',NULL,'2013-03-28 14:31:04','2013-03-28 14:31:04'),(65,2,'The selected items have been deleted successfully.','Los elementos seleccionados se han eliminado con éxito.',NULL,'2013-03-28 14:31:04','2013-03-28 14:31:04'),(66,2,'The selected items have been modified successfully','Los elementos seleccionados se han modificado con éxito',NULL,'2013-03-28 14:31:04','2013-03-28 14:31:04'),(67,2,'A problem occurs when modifying the selected items','Han ocurrido problema(s) al  modificar los elementos seleccionados',NULL,'2013-03-28 14:31:04','2013-03-28 14:31:04'),(68,2,'Root','Raíz',NULL,'2013-03-28 14:31:04','2013-03-28 14:31:04'),(69,2,'Page not found','Página no encontrada',NULL,'2013-03-28 14:31:04','2013-03-28 14:31:04'),(70,2,'Media library','Librería de Medias',NULL,'2013-03-28 14:31:04','2013-03-28 14:31:04'),(71,2,'UML Model Diagram','Diagrama de modelos UML',NULL,'2013-03-28 14:31:04','2013-03-28 14:31:04'),(72,2,'The item was deleted successfully.','El elemento fue eliminado con éxito.',NULL,'2013-03-28 14:31:04','2013-03-28 14:31:04'),(73,2,'element','elemento',NULL,'2013-03-28 14:31:04','2013-03-28 14:31:04'),(74,2,'elements','elementos',NULL,'2013-03-28 14:31:04','2013-03-28 14:31:04'),(75,2,'Add a folder here','Añadir una carpeta aquí',NULL,'2013-03-28 14:31:04','2013-03-28 14:31:04'),(76,2,'Import from a zip','Importar desde un archivo ZIP',NULL,'2013-03-28 14:31:04','2013-03-28 14:31:04'),(77,2,'Add some files here','Añadir archivos aquí',NULL,'2013-03-28 14:31:04','2013-03-28 14:31:04'),(78,2,'Add a file here','Añadir archivo aquí',NULL,'2013-03-28 14:31:04','2013-03-28 14:31:04'),(79,2,'Clear cache','Borrar la caché',NULL,'2013-03-28 14:31:04','2013-03-28 14:31:04'),(80,2,'Clear media cache','Borrar caché de media',NULL,'2013-03-28 14:31:04','2013-03-28 14:31:04'),(81,2,'Name','Nombre',NULL,'2013-03-28 14:31:04','2013-03-28 14:31:04'),(82,2,'Rename this folder','Cambiar el nombre de esta carpeta',NULL,'2013-03-28 14:31:04','2013-03-28 14:31:04'),(83,2,'Move this folder','Mover esta carpeta',NULL,'2013-03-28 14:31:04','2013-03-28 14:31:04'),(84,2,'Delete this folder','Eliminar esta carpeta',NULL,'2013-03-28 14:31:04','2013-03-28 14:31:04'),(85,2,'Already exists in this folder','Ya existe en esta carpeta',NULL,'2013-03-28 14:31:04','2013-03-28 14:31:04'),(86,2,'This is a bad name','Nombre incorrecto',NULL,'2013-03-28 14:31:04','2013-03-28 14:31:04'),(87,2,'File','Archivo',NULL,'2013-03-28 14:31:04','2013-03-28 14:31:04'),(88,2,'Thumbnails can not be created in %1%','No se pueden crear thumbnails en %1%',NULL,'2013-03-28 14:31:04','2013-03-28 14:31:04'),(89,2,'Folder %1% is not writable','La carpeta %1% no tiene permisos de escritura',NULL,'2013-03-28 14:31:04','2013-03-28 14:31:04'),(90,2,'File %1% is not writable','El archivo %1% no tiene permisos de escritura',NULL,'2013-03-28 14:31:04','2013-03-28 14:31:04'),(91,2,'This folder is not writable','Esta carpeta no tiene permisos de escritura',NULL,'2013-03-28 14:31:04','2013-03-28 14:31:04'),(92,2,'This file is not writable','Este archivo no tiene permisos de escritura',NULL,'2013-03-28 14:31:04','2013-03-28 14:31:04'),(93,2,'Size','Tamaño',NULL,'2013-03-28 14:31:04','2013-03-28 14:31:04'),(94,2,'Legend','Leyenda',NULL,'2013-03-28 14:31:04','2013-03-28 14:31:04'),(95,2,'Author','Autor',NULL,'2013-03-28 14:31:04','2013-03-28 14:31:04'),(96,2,'License','Licencia',NULL,'2013-03-28 14:31:04','2013-03-28 14:31:04'),(97,2,'Validate','Validar',NULL,'2013-03-28 14:31:04','2013-03-28 14:31:04'),(98,2,'Save','Guardar',NULL,'2013-03-28 14:31:04','2013-03-28 14:31:04'),(99,2,'Save and Add','Guardar y añadir',NULL,'2013-03-28 14:31:04','2013-03-28 14:31:04'),(100,2,'Save and Next','Guardar y Siguiente',NULL,'2013-03-28 14:31:04','2013-03-28 14:31:04'),(101,2,'Save and Back to list','Guardar y volver a la lista',NULL,'2013-03-28 14:31:04','2013-03-28 14:31:04'),(102,2,'Save modifications','Guardar modificaciones',NULL,'2013-03-28 14:31:04','2013-03-28 14:31:04'),(103,2,'Delete this file','Eliminar este archivo',NULL,'2013-03-28 14:31:04','2013-03-28 14:31:04'),(104,2,'Close','Cerrar',NULL,'2013-03-28 14:31:04','2013-03-28 14:31:04'),(105,2,'Delete this %1%','Eliminar este %1%',NULL,'2013-03-28 14:31:04','2013-03-28 14:31:04'),(106,2,'Delete this page','Borrar esta página',NULL,'2013-03-28 14:31:04','2013-03-28 14:31:04'),(107,2,'Active','Activo',NULL,'2013-03-28 14:31:04','2013-03-28 14:31:04'),(108,2,'Referers','Referentes',NULL,'2013-03-28 14:31:04','2013-03-28 14:31:04'),(109,2,'Administration login','Login de administración',NULL,'2013-03-28 14:31:04','2013-03-28 14:31:04'),(110,2,'Login','Iniciar sesión',NULL,'2013-03-28 14:31:04','2013-03-28 14:31:04'),(111,2,'Username','Nombre de usuario',NULL,'2013-03-28 14:31:04','2013-03-28 14:31:04'),(112,2,'Password','Contraseña',NULL,'2013-03-28 14:31:04','2013-03-28 14:31:04'),(113,2,'Password (again)','Contraseña (otra vez)',NULL,'2013-03-28 14:31:04','2013-03-28 14:31:04'),(114,2,'Remember','Recordar',NULL,'2013-03-28 14:31:04','2013-03-28 14:31:04'),(115,2,'The username and/or password is invalid.','El nombre de usuario y/o la contraseña no es válida.',NULL,'2013-03-28 14:31:04','2013-03-28 14:31:04'),(116,2,'Profiles','Perfiles',NULL,'2013-03-28 14:31:04','2013-03-28 14:31:04'),(117,2,'Profile','Perfil',NULL,'2013-03-28 14:31:04','2013-03-28 14:31:04'),(118,2,'User','Usuario',NULL,'2013-03-28 14:31:04','2013-03-28 14:31:04'),(119,2,'Users','Usuarios',NULL,'2013-03-28 14:31:04','2013-03-28 14:31:04'),(120,2,'Metas','Metas',NULL,'2013-03-28 14:31:04','2013-03-28 14:31:04'),(121,2,'Automatic Page','Página automática',NULL,'2013-03-28 14:31:04','2013-03-28 14:31:04'),(122,2,'Automatic Pages','Páginas automática',NULL,'2013-03-28 14:31:04','2013-03-28 14:31:04'),(123,2,'Site tree','Árbol de la web',NULL,'2013-03-28 14:31:04','2013-03-28 14:31:04'),(124,2,'Some SEO improvements should be applied','Se deberían aplicar algunas mejoras SEO',NULL,'2013-03-28 14:31:04','2013-03-28 14:31:04'),(125,2,'Some page have the same url','Algunas páginas tienen la misma URL',NULL,'2013-03-28 14:31:04','2013-03-28 14:31:04'),(126,2,'Click here to see them','Haga clic aquí para verlos',NULL,'2013-03-28 14:31:04','2013-03-28 14:31:04'),(127,2,'Seo improvements','Mejoras Seo',NULL,'2013-03-28 14:31:04','2013-03-28 14:31:04'),(128,2,'Duplicated %1%','Duplicado %1%',NULL,'2013-03-28 14:31:04','2013-03-28 14:31:04'),(129,2,'Automatic page','Página automática',NULL,'2013-03-28 14:31:04','2013-03-28 14:31:04'),(130,2,'Manual page','Página manual',NULL,'2013-03-28 14:31:04','2013-03-28 14:31:04'),(131,2,'Modify object','Modificar objeto',NULL,'2013-03-28 14:31:04','2013-03-28 14:31:04'),(132,2,'Configure automatic seo for %1% pages','Configurar seo automático para %1% páginas',NULL,'2013-03-28 14:31:04','2013-03-28 14:31:04'),(133,2,'View page on website','Ver página en el sitio web',NULL,'2013-03-28 14:31:04','2013-03-28 14:31:04'),(134,2,'Edit image','Editar imagen',NULL,'2013-03-28 14:31:04','2013-03-28 14:31:04'),(135,2,'Loading...','Cargando ...',NULL,'2013-03-28 14:31:04','2013-03-28 14:31:04'),(136,2,'Preview','Previsualización',NULL,'2013-03-28 14:31:04','2013-03-28 14:31:04'),(137,2,'Back to list','Volver a la lista',NULL,'2013-03-28 14:31:04','2013-03-28 14:31:04'),(138,2,'Back to %1% list','Volver a la lista %1%',NULL,'2013-03-28 14:31:04','2013-03-28 14:31:04'),(139,2,'The form submission cannot be processed. It probably means that you have uploaded a file that is too big.','El envío del formulario no puede ser procesado. Probablemente significa que ha subido un archivo que es demasiado grande.',NULL,'2013-03-28 14:31:04','2013-03-28 14:31:04'),(140,2,'A problem occurs when deleting the selected items.','Se produce un problema al eliminar los elementos seleccionados.',NULL,'2013-03-28 14:31:04','2013-03-28 14:31:04'),(141,2,'elements per page','elementos por página',NULL,'2013-03-28 14:31:04','2013-03-28 14:31:04'),(142,2,'Sort','Ordenar',NULL,'2013-03-28 14:31:04','2013-03-28 14:31:04'),(143,2,'Sort %1%','Ordenar %1%',NULL,'2013-03-28 14:31:04','2013-03-28 14:31:04'),(144,2,'Sort %1% for %2%','Ordenar %1% para %2%',NULL,'2013-03-28 14:31:04','2013-03-28 14:31:04'),(145,2,'Drag & drop elements, then','Arrastre y suelte los elementos, ahí',NULL,'2013-03-28 14:31:04','2013-03-28 14:31:04'),(146,2,'A problem occured when sorting the items','Ocurrió un problema al ordenar los elementos',NULL,'2013-03-28 14:31:04','2013-03-28 14:31:04'),(147,2,'The items have been sorted successfully','Los ítemes han sido ordenados con éxito',NULL,'2013-03-28 14:31:04','2013-03-28 14:31:04'),(148,2,'Add a zone','Agregar a la zona',NULL,'2013-03-28 14:31:04','2013-03-28 14:31:04'),(149,2,'Add a widget','Añadir un widget',NULL,'2013-03-28 14:31:04','2013-03-28 14:31:04'),(150,2,'Go to site','Ir al sitio',NULL,'2013-03-28 14:31:04','2013-03-28 14:31:04'),(151,2,'You don\'t have the required permission to access this page.','Usted no tiene el permiso necesario para acceder a esta página.',NULL,'2013-03-28 14:31:04','2013-03-28 14:31:04'),(152,2,'Edit this zone','Editar esta zona',NULL,'2013-03-28 14:31:04','2013-03-28 14:31:04'),(153,2,'Delete this zone','Eliminar esta zona',NULL,'2013-03-28 14:31:04','2013-03-28 14:31:04'),(154,2,'CSS class','Clase CSS',NULL,'2013-03-28 14:31:04','2013-03-28 14:31:04'),(155,2,'Width','Ancho',NULL,'2013-03-28 14:31:04','2013-03-28 14:31:04'),(156,2,'Height','Alto',NULL,'2013-03-28 14:31:04','2013-03-28 14:31:04'),(157,2,'Edit this %1%','Editar %1%',NULL,'2013-03-28 14:31:04','2013-03-28 14:31:04'),(158,2,'Delete this widget','Eliminar este widget',NULL,'2013-03-28 14:31:04','2013-03-28 14:31:04'),(159,2,'Title','Título',NULL,'2013-03-28 14:31:04','2013-03-28 14:31:04'),(160,2,'Link','Vínculo',NULL,'2013-03-28 14:31:04','2013-03-28 14:31:04'),(161,2,'Text','Texto',NULL,'2013-03-28 14:31:04','2013-03-28 14:31:04'),(162,2,'Advanced','Avanzado',NULL,'2013-03-28 14:31:04','2013-03-28 14:31:04'),(163,2,'Bread crumb','Bread crumb',NULL,'2013-03-28 14:31:04','2013-03-28 14:31:04'),(164,2,'Search form','Formulario de búsqueda',NULL,'2013-03-28 14:31:04','2013-03-28 14:31:04'),(165,2,'Search results','Resultados de la búsqueda',NULL,'2013-03-28 14:31:04','2013-03-28 14:31:04'),(166,2,'Go to content','Ir al contenido',NULL,'2013-03-28 14:31:04','2013-03-28 14:31:04'),(167,2,'New widget','Nuevo widget',NULL,'2013-03-28 14:31:04','2013-03-28 14:31:04'),(168,2,'Use media','Usar medio',NULL,'2013-03-28 14:31:04','2013-03-28 14:31:04'),(169,2,'Or upload a file','O suba un archivo',NULL,'2013-03-28 14:31:04','2013-03-28 14:31:04'),(170,2,'Drag & drop a media here','Arrastre y suelte un medio aquí',NULL,'2013-03-28 14:31:04','2013-03-28 14:31:04'),(171,2,'Media','Medio',NULL,'2013-03-28 14:31:04','2013-03-28 14:31:04'),(172,2,'You must use a media or upload a file','Debe utilizar un medio o cargar un archivo',NULL,'2013-03-28 14:31:04','2013-03-28 14:31:04'),(173,2,'Try','Intentar',NULL,'2013-03-28 14:31:04','2013-03-28 14:31:04'),(174,2,'Change file','Cambiar el archivo',NULL,'2013-03-28 14:31:04','2013-03-28 14:31:04'),(175,2,'Method','Método',NULL,'2013-03-28 14:31:04','2013-03-28 14:31:04'),(176,2,'Center','Centro',NULL,'2013-03-28 14:31:04','2013-03-28 14:31:04'),(177,2,'Scale','Escala',NULL,'2013-03-28 14:31:04','2013-03-28 14:31:04'),(178,2,'Inflate','Inflar',NULL,'2013-03-28 14:31:04','2013-03-28 14:31:04'),(179,2,'Fit','Ajustar',NULL,'2013-03-28 14:31:04','2013-03-28 14:31:04'),(180,2,'Save and close','Guardar y cerrar',NULL,'2013-03-28 14:31:04','2013-03-28 14:31:04'),(181,2,'This size is not valid.','Este tamaño no es válida.',NULL,'2013-03-28 14:31:04','2013-03-28 14:31:04'),(182,2,'This color is not valid.','Este color no es válido.',NULL,'2013-03-28 14:31:04','2013-03-28 14:31:04'),(183,2,'Per page','Por página',NULL,'2013-03-28 14:31:04','2013-03-28 14:31:04'),(184,2,'First page','Primera página',NULL,'2013-03-28 14:31:04','2013-03-28 14:31:04'),(185,2,'Previous page','Página Anterior',NULL,'2013-03-28 14:31:04','2013-03-28 14:31:04'),(186,2,'Next page','Página siguiente',NULL,'2013-03-28 14:31:04','2013-03-28 14:31:04'),(187,2,'Last page','Última página',NULL,'2013-03-28 14:31:04','2013-03-28 14:31:04'),(188,2,'Top','Superior',NULL,'2013-03-28 14:31:04','2013-03-28 14:31:04'),(189,2,'Bottom','Inferior',NULL,'2013-03-28 14:31:04','2013-03-28 14:31:04'),(190,2,'View','Ver',NULL,'2013-03-28 14:31:04','2013-03-28 14:31:04'),(191,2,'Order by','Ordenar por',NULL,'2013-03-28 14:31:04','2013-03-28 14:31:04'),(192,2,'Random','Aleatoriamente',NULL,'2013-03-28 14:31:04','2013-03-28 14:31:04'),(193,2,'automatic','automático',NULL,'2013-03-28 14:31:04','2013-03-28 14:31:04'),(194,2,'Add new page','Añadir página',NULL,'2013-03-28 14:31:04','2013-03-28 14:31:04'),(195,2,'Seo','Seo',NULL,'2013-03-28 14:31:04','2013-03-28 14:31:04'),(196,2,'Integration','Integración',NULL,'2013-03-28 14:31:04','2013-03-28 14:31:04'),(197,2,'Edit page','Editar página',NULL,'2013-03-28 14:31:04','2013-03-28 14:31:04'),(198,2,'Logout','Cerrar sesión',NULL,'2013-03-28 14:31:04','2013-03-28 14:31:04'),(199,2,'Export in %1%','Exportar en %1%',NULL,'2013-03-28 14:31:04','2013-03-28 14:31:04'),(200,2,'Available','Disponible',NULL,'2013-03-28 14:31:04','2013-03-28 14:31:04'),(201,2,'Requires authentication','Requiere autentificación',NULL,'2013-03-28 14:31:04','2013-03-28 14:31:04'),(202,2,'Search engine crawlers','Rastreadores de motores de búsqueda',NULL,'2013-03-28 14:31:04','2013-03-28 14:31:04'),(203,2,'Show page structure','Mostrar página (sale de modo de edición)',NULL,'2013-03-28 14:31:04','2013-03-28 14:31:04'),(204,2,'Generate sitemap','Generar el mapa del sitio',NULL,'2013-03-28 14:31:04','2013-03-28 14:31:04'),(205,2,'Links','Enlaces',NULL,'2013-03-28 14:31:04','2013-03-28 14:31:04'),(206,2,'Act on selection','Actuar al seleccionar',NULL,'2013-03-28 14:31:04','2013-03-28 14:31:04'),(207,2,'Activate','Activar',NULL,'2013-03-28 14:31:04','2013-03-28 14:31:04'),(208,2,'Deactivate','Desactivar',NULL,'2013-03-28 14:31:04','2013-03-28 14:31:04'),(209,2,'Remove','Eliminar',NULL,'2013-03-28 14:31:04','2013-03-28 14:31:04'),(210,2,'Sorry, but you can not access administration with your current browser','Lo sentimos, pero no se puede acceder a la administración con su navegador actual',NULL,'2013-03-28 14:31:04','2013-03-28 14:31:04'),(211,2,'Select all','Seleccionar todos',NULL,'2013-03-28 14:31:04','2013-03-28 14:31:04'),(212,2,'Unselect all','Deseleccionar todos',NULL,'2013-03-28 14:31:04','2013-03-28 14:31:04'),(213,2,'Configuration panel','Panel de configuración',NULL,'2013-03-28 14:31:04','2013-03-28 14:31:04'),(214,2,'This is not a valid hexadecimal color','Este no es un color hexadecimal válido',NULL,'2013-03-28 14:31:04','2013-03-28 14:31:04'),(215,2,'%1% - %2% of %3%',' %1% - %2% en %3%',NULL,'2013-03-28 14:31:04','2013-03-28 14:31:04'),(216,2,'Display','Mostrar',NULL,'2013-03-28 14:31:04','2013-03-28 14:31:04'),(217,2,'User logged in','Usuario conectado',NULL,'2013-03-28 14:31:04','2013-03-28 14:31:04'),(218,2,'User logged out','Usuario se desconectó',NULL,'2013-03-28 14:31:04','2013-03-28 14:31:04'),(219,2,'Cache cleared','Cache vaciado',NULL,'2013-03-28 14:31:04','2013-03-28 14:31:04'),(220,2,'This Week','Esta Semana',NULL,'2013-03-28 14:31:04','2013-03-28 14:31:04'),(221,2,'This Year','Este Año',NULL,'2013-03-28 14:31:04','2013-03-28 14:31:04'),(222,2,'Activity','Actividad',NULL,'2013-03-28 14:31:04','2013-03-28 14:31:04'),(223,2,'Server','Servidor',NULL,'2013-03-28 14:31:04','2013-03-28 14:31:04'),(224,2,'Browser','Navegador',NULL,'2013-03-28 14:31:04','2013-03-28 14:31:04'),(225,2,'Browsers','Navegadores',NULL,'2013-03-28 14:31:04','2013-03-28 14:31:04'),(226,2,'Location','Ubicación',NULL,'2013-03-28 14:31:04','2013-03-28 14:31:04'),(227,2,'Events','Eventos',NULL,'2013-03-28 14:31:04','2013-03-28 14:31:04'),(228,2,'Requests','Petición',NULL,'2013-03-28 14:31:04','2013-03-28 14:31:04'),(229,2,'Subject','Sujeto',NULL,'2013-03-28 14:31:04','2013-03-28 14:31:04'),(230,2,'Expanded view','Vista expandida',NULL,'2013-03-28 14:31:04','2013-03-28 14:31:04'),(231,2,'Show','Mostrar',NULL,'2013-03-28 14:31:04','2013-03-28 14:31:04'),(232,2,'Gallery','Galería',NULL,'2013-03-28 14:31:04','2013-03-28 14:31:04'),(233,2,'Edit medias','Editar medios',NULL,'2013-03-28 14:31:04','2013-03-28 14:31:04'),(234,2,'Remove this media','Eliminar este medio',NULL,'2013-03-28 14:31:04','2013-03-28 14:31:04'),(235,2,'Preferences','Preferencias',NULL,'2013-03-28 14:31:04','2013-03-28 14:31:04'),(236,2,'Mail templates','Plantillas de correo',NULL,'2013-03-28 14:31:04','2013-03-28 14:31:04'),(237,2,'Layouts','Diseños',NULL,'2013-03-28 14:31:04','2013-03-28 14:31:04'),(238,2,'Zone','Zona',NULL,'2013-03-28 14:31:04','2013-03-28 14:31:04'),(239,2,'Navigation','Navegación',NULL,'2013-03-28 14:31:04','2013-03-28 14:31:04'),(240,2,'Configuration','Configuración',NULL,'2013-03-28 14:31:04','2013-03-28 14:31:04'),(241,2,'Chart','Gráfico',NULL,'2013-03-28 14:31:04','2013-03-28 14:31:04'),(242,2,'Log','Registro',NULL,'2013-03-28 14:31:04','2013-03-28 14:31:04'),(243,2,'Monitoring','Monitoreo',NULL,'2013-03-28 14:31:04','2013-03-28 14:31:04'),(244,2,'Manage index','Manejar índice',NULL,'2013-03-28 14:31:04','2013-03-28 14:31:04'),(245,2,'Search engine','Motor de búsqueda',NULL,'2013-03-28 14:31:04','2013-03-28 14:31:04'),(246,2,'Google analytics','Google analytics',NULL,'2013-03-28 14:31:04','2013-03-28 14:31:04'),(247,2,'Google webmaster tools','Herramientas para webmasters de Google',NULL,'2013-03-28 14:31:04','2013-03-28 14:31:04'),(248,2,'Services','Servicios',NULL,'2013-03-28 14:31:04','2013-03-28 14:31:04'),(249,2,'Sitemap','Mapa del sitio',NULL,'2013-03-28 14:31:04','2013-03-28 14:31:04'),(250,2,'Url Redirections','Redirecciones Url',NULL,'2013-03-28 14:31:04','2013-03-28 14:31:04'),(251,2,'Redirections','Redirecciones',NULL,'2013-03-28 14:31:04','2013-03-28 14:31:04'),(252,2,'Settings','Configuraciones',NULL,'2013-03-28 14:31:04','2013-03-28 14:31:04'),(253,2,'Sent mails','Correos electronicos enviados',NULL,'2013-03-28 14:31:04','2013-03-28 14:31:04'),(254,2,'Errors','Errores',NULL,'2013-03-28 14:31:04','2013-03-28 14:31:04'),(255,2,'Permissions','Permisos',NULL,'2013-03-28 14:31:04','2013-03-28 14:31:04'),(256,2,'Groups','Grupos',NULL,'2013-03-28 14:31:04','2013-03-28 14:31:04'),(257,2,'Security','Seguridad',NULL,'2013-03-28 14:31:04','2013-03-28 14:31:04'),(258,2,'See diagrams','Ver diagramas',NULL,'2013-03-28 14:31:04','2013-03-28 14:31:04'),(259,2,'Code Editor','Editor de código',NULL,'2013-03-28 14:31:04','2013-03-28 14:31:04'),(260,2,'Diem Console','Consola Diem',NULL,'2013-03-28 14:31:04','2013-03-28 14:31:04'),(261,2,'Dev','Desarrollo',NULL,'2013-03-28 14:31:04','2013-03-28 14:31:04'),(262,2,'Exception','Excepción',NULL,'2013-03-28 14:31:04','2013-03-28 14:31:04'),(263,2,'Cache','Caché',NULL,'2013-03-28 14:31:04','2013-03-28 14:31:04'),(264,2,'This chart is not available.','Este gráfico no está disponible.',NULL,'2013-03-28 14:31:04','2013-03-28 14:31:04'),(265,2,'Dm gallery','Galería Diem',NULL,'2013-03-28 14:31:04','2013-03-28 14:31:04'),(266,2,'Email','Correo electrónico',NULL,'2013-03-28 14:31:04','2013-03-28 14:31:04'),(267,2,'Last login','Última entrada',NULL,'2013-03-28 14:31:04','2013-03-28 14:31:04'),(268,2,'Visible','Visible',NULL,'2013-03-28 14:31:04','2013-03-28 14:31:04'),(269,2,'External services','Servicios externos',NULL,'2013-03-28 14:31:04','2013-03-28 14:31:04'),(270,2,'Interface','Interfaz',NULL,'2013-03-28 14:31:04','2013-03-28 14:31:04'),(271,2,'Site','Sitio',NULL,'2013-03-28 14:31:04','2013-03-28 14:31:04'),(272,2,'Tracking','Rastreo',NULL,'2013-03-28 14:31:04','2013-03-28 14:31:04'),(273,2,'Right','Derecho',NULL,'2013-03-28 14:31:04','2013-03-28 14:31:04'),(274,2,'Left','Izquierdo',NULL,'2013-03-28 14:31:04','2013-03-28 14:31:04'),(275,2,'Image resize method','Método para redimensionar',NULL,'2013-03-28 14:31:04','2013-03-28 14:31:04'),(276,2,'Default method when an image needs to be resized','Método por defecto cuando una imagen necesita ser redimensionada',NULL,'2013-03-28 14:31:04','2013-03-28 14:31:04'),(277,2,'Image resize quality','Calidad de imagen al redimensionar',NULL,'2013-03-28 14:31:04','2013-03-28 14:31:04'),(278,2,'Jpeg default quality when generating thumbnails','Calidad Jpeg  por defecto al generar thumbnails',NULL,'2013-03-28 14:31:04','2013-03-28 14:31:04'),(279,2,'Link external blank','Enlace externo en blanco',NULL,'2013-03-28 14:31:04','2013-03-28 14:31:04'),(280,2,'Links to other domain get automatically a _blank target','Enlaces a otro dominio automáticamente reciben un blanco _blank',NULL,'2013-03-28 14:31:04','2013-03-28 14:31:04'),(281,2,'Link current span','Enlace a span actual',NULL,'2013-03-28 14:31:04','2013-03-28 14:31:04'),(282,2,'Links to current page are changed from <a> to <span>','Enlaces a la página actual se cambian de <a> a <span>',NULL,'2013-03-28 14:31:04','2013-03-28 14:31:04'),(283,2,'Link use page title','Enlace usa título de página',NULL,'2013-03-28 14:31:04','2013-03-28 14:31:04'),(284,2,'Add an automatic title on link based on the target page title','Agregar título automático a enlace basado en el título de la página de destino',NULL,'2013-03-28 14:31:04','2013-03-28 14:31:04'),(285,2,'Search stop words','Stop words de la búsqueda',NULL,'2013-03-28 14:31:04','2013-03-28 14:31:04'),(286,2,'Words to exclude from searches (e.g. the, a, to )','Palabras para excluir de las búsquedas (por ejemplo, la, a, de)',NULL,'2013-03-28 14:31:04','2013-03-28 14:31:04'),(287,2,'Title prefix','Prefijo Título',NULL,'2013-03-28 14:31:04','2013-03-28 14:31:04'),(288,2,'Append something at the beginning of all pages title','Añadir algo al principio de todos los títulos de páginas',NULL,'2013-03-28 14:31:04','2013-03-28 14:31:04'),(289,2,'Title suffix','Sufijo de título',NULL,'2013-03-28 14:31:04','2013-03-28 14:31:04'),(290,2,'Append something at the end of all pages title','Añadir algo al final de todos los títulos de páginas',NULL,'2013-03-28 14:31:04','2013-03-28 14:31:04'),(291,2,'Smart 404','404 inteligente',NULL,'2013-03-28 14:31:04','2013-03-28 14:31:04'),(292,2,'When a page is not found, user is redirect to a similar page. The internal search index is used to find the best page for requested url.','Cuando no se encuentre una página, el usuario es redireccionado a una página similar. Se usa el índice de búsqueda interno para encontrar la página más adecuada para la url pedida.',NULL,'2013-03-28 14:31:04','2013-03-28 14:31:04'),(293,2,'Site name','Nombre del sitio',NULL,'2013-03-28 14:31:04','2013-03-28 14:31:04'),(294,2,'The site name','El nombre del sitio',NULL,'2013-03-28 14:31:04','2013-03-28 14:31:04'),(295,2,'Site active','Site activo',NULL,'2013-03-28 14:31:04','2013-03-28 14:31:04'),(296,2,'Is the site ready for visitors ?','¿Está listo el site para los visitantes?',NULL,'2013-03-28 14:31:04','2013-03-28 14:31:04'),(297,2,'Site indexable','Site indexable',NULL,'2013-03-28 14:31:04','2013-03-28 14:31:04'),(298,2,'Is the site ready for search engine crawlers ?','¿Está listo el site para los rastreadores de motores de búsqueda?',NULL,'2013-03-28 14:31:04','2013-03-28 14:31:04'),(299,2,'Site working copy','Copia de trabajo del site',NULL,'2013-03-28 14:31:04','2013-03-28 14:31:04'),(300,2,'Is this site the current working copy ?','¿Es este site la copia de trabajo actual?',NULL,'2013-03-28 14:31:04','2013-03-28 14:31:04'),(301,2,'Ga key','Clave Ga',NULL,'2013-03-28 14:31:04','2013-03-28 14:31:04'),(302,2,'The google analytics key without javascript stuff ( e.g. UA-9876614-1 )','La clave de Google Analytics sin javascript (por ejemplo, UA-9876614-1)',NULL,'2013-03-28 14:31:04','2013-03-28 14:31:04'),(303,2,'Gwt key','Clave Gwt',NULL,'2013-03-28 14:31:04','2013-03-28 14:31:04'),(304,2,'The google webmaster tools filename without google and .html ( e.g. a913b555ba9b4f13 )','El nombre de archivo de las herramientas para webmasters de Google sin Google y. Html (por ejemplo, a913b555ba9b4f13)',NULL,'2013-03-28 14:31:04','2013-03-28 14:31:04'),(305,2,'Xiti code','Código Xiti',NULL,'2013-03-28 14:31:04','2013-03-28 14:31:04'),(306,2,'The xiti html code','El código html xiti',NULL,'2013-03-28 14:31:04','2013-03-28 14:31:04'),(307,2,'Ga email','Correo electrónico Ga',NULL,'2013-03-28 14:31:04','2013-03-28 14:31:04'),(308,2,'Required to display google analytics data into Diem','Necesario para mostrar los datos en Google Analytics de Diem',NULL,'2013-03-28 14:31:04','2013-03-28 14:31:04'),(309,2,'Ga password','Contraseña Ga',NULL,'2013-03-28 14:31:04','2013-03-28 14:31:04'),(310,2,'Diem mail support is <strong>-NOT-</strong> completed. Please use the symfony 1.4 mail service instead','El soporte para correo electrónico de DIEM <strong>no está terminado</strong>. Por favor use el servicio de correo de Symfony 1.4',NULL,'2013-03-28 14:31:04','2013-03-28 14:31:04'),(311,2,'Duplicate','Duplicado',NULL,'2013-03-28 14:31:04','2013-03-28 14:31:04'),(312,2,'Source','Fuente',NULL,'2013-03-28 14:31:04','2013-03-28 14:31:04'),(313,2,'Target','Meta',NULL,'2013-03-28 14:31:04','2013-03-28 14:31:04'),(314,2,'Dm catalogue','Catálogo de Dm',NULL,'2013-03-28 14:31:04','2013-03-28 14:31:04'),(315,2,'Meta','Meta',NULL,'2013-03-28 14:31:04','2013-03-28 14:31:04'),(316,2,'Menu','Menú',NULL,'2013-03-28 14:31:04','2013-03-28 14:31:04'),(317,2,'Internal search engine','Motor de búsqueda interno',NULL,'2013-03-28 14:31:04','2013-03-28 14:31:04'),(318,2,'Reload index','Actualizar índice',NULL,'2013-03-28 14:31:04','2013-03-28 14:31:04'),(319,2,'Configure Google Analytics','Configurar Google Analytics',NULL,'2013-03-28 14:31:04','2013-03-28 14:31:04'),(320,2,'Configure Google Webmaster Tools','Configurar Google Webmaster Tools',NULL,'2013-03-28 14:31:04','2013-03-28 14:31:04'),(321,2,'Position','Posición',NULL,'2013-03-28 14:31:04','2013-03-28 14:31:04'),(322,2,'Urls','URL',NULL,'2013-03-28 14:31:04','2013-03-28 14:31:04'),(323,2,'Old url','Url antigua',NULL,'2013-03-28 14:31:04','2013-03-28 14:31:04'),(324,2,'New url','Nueva url',NULL,'2013-03-28 14:31:04','2013-03-28 14:31:04'),(325,2,'Group','Grupo',NULL,'2013-03-28 14:31:04','2013-03-28 14:31:04'),(326,2,'Value','Valor',NULL,'2013-03-28 14:31:04','2013-03-28 14:31:04'),(327,2,'Credentials','Credenciales',NULL,'2013-03-28 14:31:04','2013-03-28 14:31:04'),(328,2,'Class','Clase',NULL,'2013-03-28 14:31:04','2013-03-28 14:31:04'),(329,2,'Module','Módulo',NULL,'2013-03-28 14:31:04','2013-03-28 14:31:04'),(330,2,'Action','Acción',NULL,'2013-03-28 14:31:04','2013-03-28 14:31:04'),(331,2,'Uri','URI',NULL,'2013-03-28 14:31:04','2013-03-28 14:31:04'),(332,2,'Env','Desarrollo',NULL,'2013-03-28 14:31:04','2013-03-28 14:31:04'),(333,2,'Super admin','Super Administrador',NULL,'2013-03-28 14:31:04','2013-03-28 14:31:04'),(334,2,'The admin code editor is <strong>-NOT-</strong> completed yet an may not work','El editor de código de administración <strong>no</strong> está completado todavía y puede no funcionar',NULL,'2013-03-28 14:31:04','2013-03-28 14:31:04'),(335,2,'List','Lista',NULL,'2013-03-28 14:31:04','2013-03-28 14:31:04'),(336,2,'Form','Formulario',NULL,'2013-03-28 14:31:04','2013-03-28 14:31:04'),(337,2,'Administration','Administración',NULL,'2013-03-28 14:31:04','2013-03-28 14:31:04'),(338,2,'text','texto',NULL,'2013-03-28 14:31:04','2013-03-28 14:31:04'),(339,2,'Index state','Índice de estado',NULL,'2013-03-28 14:31:04','2013-03-28 14:31:04'),(340,2,'Index maintenance','Mantenimiento del índice',NULL,'2013-03-28 14:31:04','2013-03-28 14:31:04'),(341,2,'Search completed in %1% ms','Búsqueda efectuada en %1% ms',NULL,'2013-03-28 14:31:04','2013-03-28 14:31:04'),(342,2,'No results','No hay resultados',NULL,'2013-03-28 14:31:04','2013-03-28 14:31:04'),(343,2,'Edit template code','Modificar el código de plantilla',NULL,'2013-03-28 14:31:04','2013-03-28 14:31:04'),(344,2,'Edit component code','Código de componente Edit',NULL,'2013-03-28 14:31:04','2013-03-28 14:31:04'),(345,2,'Drag & Drop a media here','Arastre y suelte un medio aquí',NULL,'2013-03-28 14:31:04','2013-03-28 14:31:04'),(346,2,'Add a link to the text title','Añadir un vínculo al título del texto',NULL,'2013-03-28 14:31:04','2013-03-28 14:31:04'),(347,2,'Add a link to the text media','Añadir un enlace al medio del texto',NULL,'2013-03-28 14:31:04','2013-03-28 14:31:04'),(348,2,'Drag & Drop a page or enter an url','Arrastrar y suelte una página o introducir una dirección url',NULL,'2013-03-28 14:31:04','2013-03-28 14:31:04'),(349,2,'Drag & drop a page here from the PAGES panel, or write an url','Arrastre y suelte una página aquí desde el panel de páginas, o escribir una dirección url',NULL,'2013-03-28 14:31:04','2013-03-28 14:31:04'),(350,2,'Title position','Posición del título',NULL,'2013-03-28 14:31:04','2013-03-28 14:31:04'),(351,2,'Outside','Exterior',NULL,'2013-03-28 14:31:04','2013-03-28 14:31:04'),(352,2,'Inside','Interior',NULL,'2013-03-28 14:31:04','2013-03-28 14:31:04'),(353,2,'JPG quality','Calidad JPG',NULL,'2013-03-28 14:31:04','2013-03-28 14:31:04'),(354,2,'Dimensions','Dimensiones',NULL,'2013-03-28 14:31:04','2013-03-28 14:31:04'),(355,2,'Leave empty to use default quality','Dejar vacío para usar calidad por defecto',NULL,'2013-03-28 14:31:04','2013-03-28 14:31:04'),(356,2,'Separator','Separador',NULL,'2013-03-28 14:31:04','2013-03-28 14:31:04'),(357,2,'Include current page','Incluir la página actual',NULL,'2013-03-28 14:31:04','2013-03-28 14:31:04'),(358,2,'This CSS class is applied to the body tag','Esta clase CSS se aplica a la etiqueta body',NULL,'2013-03-28 14:31:04','2013-03-28 14:31:04'),(359,2,'Revision history of %1%','Historia de revisiones de %1%',NULL,'2013-03-28 14:31:04','2013-03-28 14:31:04'),(360,2,'Revision history','Historia de revisiones',NULL,'2013-03-28 14:31:04','2013-03-28 14:31:04'),(361,2,'Field','Campo',NULL,'2013-03-28 14:31:04','2013-03-28 14:31:04'),(362,2,'Difference','Diferencia',NULL,'2013-03-28 14:31:04','2013-03-28 14:31:04'),(363,2,'No revision for %1% with culture \"%2%\"','No hay revisión para %1% con la cultura \"%2%\"',NULL,'2013-03-28 14:31:04','2013-03-28 14:31:04'),(364,2,'Body','Cuerpo',NULL,'2013-03-28 14:31:04','2013-03-28 14:31:04'),(365,2,'Others','Otros',NULL,'2013-03-28 14:31:04','2013-03-28 14:31:04'),(366,2,'Description','Descripción',NULL,'2013-03-28 14:31:04','2013-03-28 14:31:04'),(367,2,'Vars','Vars',NULL,'2013-03-28 14:31:04','2013-03-28 14:31:04'),(368,2,'From email','De correo electrónico',NULL,'2013-03-28 14:31:04','2013-03-28 14:31:04'),(369,2,'To email','Para correo electrónico',NULL,'2013-03-28 14:31:04','2013-03-28 14:31:04'),(370,2,'Updating project','Actualizando el proyecto',NULL,'2013-03-28 14:31:04','2013-03-28 14:31:04'),(371,2,'Cache clearing','Vaciar la caché',NULL,'2013-03-28 14:31:04','2013-03-28 14:31:04'),(372,2,'Page synchronization','Sincronización de páginas',NULL,'2013-03-28 14:31:04','2013-03-28 14:31:04'),(373,2,'SEO synchronization','Sincronización de SEO',NULL,'2013-03-28 14:31:04','2013-03-28 14:31:04'),(374,2,'Interface regeneration','Regeneración de la interfaz',NULL,'2013-03-28 14:31:04','2013-03-28 14:31:04'),(375,2,'Something went wrong when updating project','Algo salió mal al actualizar el proyecto',NULL,'2013-03-28 14:31:04','2013-03-28 14:31:04'),(376,2,'Send reports','Enviar informes',NULL,'2013-03-28 14:31:04','2013-03-28 14:31:04'),(377,2,'Receive reports','Recibir los informes',NULL,'2013-03-28 14:31:04','2013-03-28 14:31:04'),(378,2,'Open Google Analytics page','Abrir página de Google Analytics',NULL,'2013-03-28 14:31:04','2013-03-28 14:31:04'),(379,2,'Open Google Webmaster Tools page','Abrir página de Herramientas para webmasters de Google',NULL,'2013-03-28 14:31:04','2013-03-28 14:31:04'),(380,2,'Revert to revision %1%','Revertir a la revisión %1%',NULL,'2013-03-28 14:31:04','2013-03-28 14:31:04'),(381,2,'%1% has been reverted to version %2%',' %1% se ha revuelto a la versión %2%',NULL,'2013-03-28 14:31:04','2013-03-28 14:31:04'),(382,2,'To enable it, provide a google analytics access','Para habilitarlo debe tener acceso a Google Analytics',NULL,'2013-03-28 14:31:04','2013-03-28 14:31:04'),(383,2,'This chart is currently not available','Este gráfico no está disponible',NULL,'2013-03-28 14:31:04','2013-03-28 14:31:04'),(384,2,'Generate %1% random %2%','Generar %1% aleatorios %2%',NULL,'2013-03-28 14:31:04','2013-03-28 14:31:04'),(385,2,'Options','Opciones',NULL,'2013-03-28 14:31:04','2013-03-28 14:31:04'),(386,2,'Drag & Drop an image here','Arrastre y suelte una imagen aquí',NULL,'2013-03-28 14:31:04','2013-03-28 14:31:04'),(387,2,'\"%value%\" is not a valid link.','\"%value%\" no es un enlace válido.',NULL,'2013-03-28 14:31:04','2013-03-28 14:31:04'),(388,2,'\"%value%\" is not a valid directory name.','\"%value%\" no es un directorio válido.',NULL,'2013-03-28 14:31:04','2013-03-28 14:31:04'),(389,2,'History','Historial',NULL,'2013-03-28 14:31:04','2013-03-28 14:31:04'),(390,2,'Set up a cron to update the search index','Configurar cron para actualizar los índices de búsqueda',NULL,'2013-03-28 14:31:04','2013-03-28 14:31:04'),(391,2,'Set up a cron to update the sitemap','Configurar cron para actualizar el mapa del sitio',NULL,'2013-03-28 14:31:04','2013-03-28 14:31:04'),(392,2,'Most UNIX and GNU/Linux systems allows for task planning through a mechanism known as cron. The cron checks a configuration file (a crontab) for commands to run at a certain time.','La mayoría de sistemas UNIX y GNU/Linux permiten planificar tareas mediante un mecanismo llamado cron. Cron examina un fichero de configuración (una crontab) en busca de comandos a ejecutar cada cierto tiempo.',NULL,'2013-03-28 14:31:04','2013-03-28 14:31:04'),(393,2,'For more information on the crontab configuration file format, type man 5 crontab in a terminal.','Para más información sobre la configuración de crontab, escriba \"man 5 contab\" en una terminal',NULL,'2013-03-28 14:31:04','2013-03-28 14:31:04'),(394,2,'Open %1% and add the line:','Abrir %1% y adicionar la línea',NULL,'2013-03-28 14:31:04','2013-03-28 14:31:04'),(395,2,'Cut','Cortar',NULL,'2013-03-28 14:31:04','2013-03-28 14:31:04'),(396,2,'Copy','Copiar',NULL,'2013-03-28 14:31:04','2013-03-28 14:31:04'),(397,2,'Paste','Pegar',NULL,'2013-03-28 14:31:04','2013-03-28 14:31:04'),(398,2,'Drag & drop links here from the left PAGE panel','Arrastre y suelte los enlaces desde el panel izquierdo \"Página\"',NULL,'2013-03-28 14:31:04','2013-03-28 14:31:04'),(399,2,'Click to edit, drag to sort','Clic para editar, arrastrar para ordenar',NULL,'2013-03-28 14:31:04','2013-03-28 14:31:04'),(400,2,'Code generation','Generación de código',NULL,'2013-03-28 14:31:04','2013-03-28 14:31:04'),(401,2,'%user% is browsing this page, you should not modify it now.','%user% está navegando en está página, no debería modificarla en este instante.',NULL,'2013-03-28 14:31:04','2013-03-28 14:31:04'),(402,2,'or create an external link','o cree un enlance externo',NULL,'2013-03-28 14:31:04','2013-03-28 14:31:04'),(403,2,'Back to the parent folder','Atrás (carpeta padre)',NULL,'2013-03-28 14:31:04','2013-03-28 14:31:04'),(404,2,'Website','Sitio Web',NULL,'2013-03-28 14:31:04','2013-03-28 14:31:04'),(405,2,'Message','Mensaje',NULL,'2013-03-28 14:31:04','2013-03-28 14:31:04'),(406,2,'Signin','Iniciar sesión',NULL,'2013-03-28 14:31:04','2013-03-28 14:31:04'),(407,2,'Signout','Cerrar sesión',NULL,'2013-03-28 14:31:04','2013-03-28 14:31:04'),(408,2,'Back to admin','Atrás (administración)',NULL,'2013-03-28 14:31:04','2013-03-28 14:31:04'),(409,2,'Back to site','Atrás (sitio)',NULL,'2013-03-28 14:31:04','2013-03-28 14:31:04'),(410,2,'Invalid mime type (%mime_type%).','',NULL,'2013-03-28 14:31:04','2013-03-28 14:31:04'),(411,2,'Download','Descargar',NULL,'2013-03-28 14:31:04','2013-03-28 14:31:04'),(412,2,'Move to','Mover a',NULL,'2013-03-28 14:31:04','2013-03-28 14:31:04'),(413,2,'[1] And one more...|(1,+Inf] And %1% more...','[1] Y uno más ...|[1,+Inf] y %1% más...',NULL,'2013-03-28 14:31:04','2013-03-28 14:31:04'),(414,2,'Go to admin','Ir a la administración',NULL,'2013-03-28 14:31:04','2013-03-28 14:31:04'),(415,2,'Search for a widget','Buscar componente (widget)',NULL,'2013-03-28 14:31:04','2013-03-28 14:31:04'),(416,2,'Sort by %field%','Ordenar por %field%',NULL,'2013-03-28 14:31:04','2013-03-28 14:31:04'),(417,2,'contextual','Contextual',NULL,'2013-03-28 14:31:04','2013-03-28 14:31:04'),(418,2,'Accepts pages and urls','Aceptar páginas y URLs',NULL,'2013-03-28 14:31:04','2013-03-28 14:31:04'),(419,2,'Accepts medias and urls','Aceptar medias y URLs',NULL,'2013-03-28 14:31:04','2013-03-28 14:31:04'),(420,2,'Accepts pages, medias and urls','Aceptar paginas, medias y URLs',NULL,'2013-03-28 14:31:04','2013-03-28 14:31:04'),(421,2,'Drag pages around to move and sort them.','Arrastre las páginas para ordenarlas',NULL,'2013-03-28 14:31:04','2013-03-28 14:31:04'),(422,2,'Manage metas','Administrar metas',NULL,'2013-03-28 14:31:04','2013-03-28 14:31:04'),(423,2,'Reorder pages','Reordenar páginas',NULL,'2013-03-28 14:31:04','2013-03-28 14:31:04'),(424,2,'Manage pages','Administrar páginas',NULL,'2013-03-28 14:31:04','2013-03-28 14:31:04'),(425,2,'Click to edit','Clic para editar',NULL,'2013-03-28 14:31:04','2013-03-28 14:31:04'),(426,2,'Click any value in the table to modify it.','Clic en cualquier valor de la tabla para modificarlo',NULL,'2013-03-28 14:31:04','2013-03-28 14:31:04'),(427,2,'Choose columns to display in the table.','Selecciona una columna para mostrar en la tabla',NULL,'2013-03-28 14:31:04','2013-03-28 14:31:04'),(428,2,'Groups & Permissions','Grupos y Permisos',NULL,'2013-03-28 14:31:04','2013-03-28 14:31:04'),(429,2,'File %file% does not exist','El fichero %file% no existe',NULL,'2013-03-28 14:31:04','2013-03-28 14:31:04'),(430,2,'File %file% can not be deleted because a record needs it','El fichero %file% no puede ser eliminado porque es usado por un registro',NULL,'2013-03-28 14:31:04','2013-03-28 14:31:04'),(431,2,'Add widgets','Adicionar contenidos (Widgets)',NULL,'2013-03-28 14:31:04','2013-03-28 14:31:04'),(432,2,'Back to %1%','Atrás hasta %1%',NULL,'2013-03-28 14:31:04','2013-03-28 14:31:04'),(433,2,'Revision %number%','Revisión %number%',NULL,'2013-03-28 14:31:04','2013-03-28 14:31:04'),(434,2,'My account','Mi cuenta',NULL,'2013-03-28 14:31:04','2013-03-28 14:31:04'),(435,2,'The two passwords must be the same.','Las dos contraseñas deben coincidir',NULL,'2013-03-28 14:31:04','2013-03-28 14:31:04'),(436,2,'Connected','Conectado',NULL,'2013-03-28 14:31:04','2013-03-28 14:31:04'),(437,2,'If you set a href, a link will be inserted into the title','Si escribe un HREF se inserta un vínculo dentro del título',NULL,'2013-03-28 14:31:04','2013-03-28 14:31:04'),(438,2,'Template','Plantillas',NULL,'2013-03-28 14:31:04','2013-03-28 14:31:04'),(439,2,'Areas','Áreas',NULL,'2013-03-28 14:31:04','2013-03-28 14:31:04'),(440,2,'Nb pages','Páginas Nb',NULL,'2013-03-28 14:31:04','2013-03-28 14:31:04'),(441,2,'Manage XML sitemap','Administrar Mapa del Sitio (XML)',NULL,'2013-03-28 14:31:04','2013-03-28 14:31:04'),(442,2,'Pages','Páginas',NULL,'2013-03-28 14:31:04','2013-03-28 14:31:04'),(443,2,'Automatic SEO','SEO Automático',NULL,'2013-03-28 14:31:04','2013-03-28 14:31:04'),(444,2,'Not connected','No conectado',NULL,'2013-03-28 14:31:04','2013-03-28 14:31:04'),(445,2,'Keywords','Palabras clave',NULL,'2013-03-28 14:31:04','2013-03-28 14:31:04'),(446,2,'Secure','Seguro',NULL,'2013-03-28 14:31:04','2013-03-28 14:31:04'),(447,2,'Indexable','Indexable',NULL,'2013-03-28 14:31:04','2013-03-28 14:31:04'),(448,2,'Select columns','Seleccionar columnas',NULL,'2013-03-28 14:31:04','2013-03-28 14:31:04'),(449,2,'Successfully loremized','Aleatorizado satisfactoriamente',NULL,'2013-03-28 14:31:04','2013-03-28 14:31:04'),(450,2,'This file is writable','Este fichero se puede escribir',NULL,'2013-03-28 14:31:04','2013-03-28 14:31:04'),(451,2,'Loading','Cargando',NULL,'2013-03-28 14:31:04','2013-03-28 14:31:04'),(452,2,'Image','Imagen',NULL,'2013-03-28 14:31:04','2013-03-28 14:31:04'),(453,2,'Results','Resultados',NULL,'2013-03-28 14:31:04','2013-03-28 14:31:04'),(454,2,'Desc','Desc',NULL,'2013-03-28 14:31:04','2013-03-28 14:31:04'),(455,2,'Publication','Publicación',NULL,'2013-03-28 14:31:04','2013-03-28 14:31:04'),(456,2,'Layout','Decorador',NULL,'2013-03-28 14:31:04','2013-03-28 14:31:04'),(457,2,'Parent','Padre',NULL,'2013-03-28 14:31:04','2013-03-28 14:31:04'),(458,2,'Slug','Slug',NULL,'2013-03-28 14:31:04','2013-03-28 14:31:04'),(459,2,'Controllers','Controlador',NULL,'2013-03-28 14:31:04','2013-03-28 14:31:04'),(460,2,'Templates','Plantilla',NULL,'2013-03-28 14:31:04','2013-03-28 14:31:04'),(461,2,'Stylesheets','Estilos',NULL,'2013-03-28 14:31:04','2013-03-28 14:31:04'),(462,2,'Presentation','Presentación',NULL,'2013-03-28 14:31:04','2013-03-28 14:31:04'),(463,2,'Send','Enviar',NULL,'2013-03-28 14:31:04','2013-03-28 14:31:04'),(464,2,'No module to manage.','No hay módulos para administrar',NULL,'2013-03-28 14:31:04','2013-03-28 14:31:04'),(465,2,'Variables you can use here:','Variables que pueden ser usadas aquí',NULL,'2013-03-28 14:31:04','2013-03-28 14:31:04'),(466,2,'1. Edit meta generation rules','1. Editar reglas de generación de metas',NULL,'2013-03-28 14:31:04','2013-03-28 14:31:04'),(467,2,'Preview modifications without applying changes to the site','Previsualizar modificaciones sin aplicar los cambios en el sitio',NULL,'2013-03-28 14:31:04','2013-03-28 14:31:04'),(468,2,'Save modifications and apply changes to the site','Salvar modificaciones y aplicar los cambios en el sitio',NULL,'2013-03-28 14:31:04','2013-03-28 14:31:04'),(469,2,'2. Preview generated metas','Previsualizar METAS generados',NULL,'2013-03-28 14:31:04','2013-03-28 14:31:04'),(470,2,'The page url, without domain name. Must be unique. If the slug does not start with a \'/\', the parent slug is added.','La dirección de la página (URL) sin el nombre de dominio. Debe ser única. Si el slug no comienza con \'/\', se añade el slug del padre.',NULL,'2013-03-28 14:31:04','2013-03-28 14:31:04'),(471,2,'The page title, without prefix nor suffix. Should be unique.','El título de la página, sin prefijos o sufijos. Debe ser único.',NULL,'2013-03-28 14:31:04','2013-03-28 14:31:04'),(472,2,'The page name, used by links to this page. Should be unique.','El nombre de la pagina, usado en los enlaces a la misma. Debe ser único.',NULL,'2013-03-28 14:31:04','2013-03-28 14:31:04'),(473,2,'Assign first header here or let it blank to let the designer choose it. Should be unique.','Asigne la cabecera principal aquí o déjelo en blanco para dejar al diseñador escoger. Debe ser único.',NULL,'2013-03-28 14:31:04','2013-03-28 14:31:04'),(474,2,'The page description meta, frequently displayed in search engines result page.','Las etiquetas meta de descripción de la página, mostradas frecuentemente en los resultados de búsqueda.',NULL,'2013-03-28 14:31:04','2013-03-28 14:31:04'),(475,2,'Provides additional meta informations to the page. Also used by Diem internal search engine.','Proporciona información META adicional para la página. Usado también por Diem para el buscador interno.',NULL,'2013-03-28 14:31:04','2013-03-28 14:31:04'),(476,2,'Requests per minute','Peticiones por minuto',NULL,'2013-03-28 14:31:04','2013-03-28 14:31:04'),(477,2,'Errors per minute','Errores por minuto',NULL,'2013-03-28 14:31:04','2013-03-28 14:31:04'),(478,2,'Latency in ms','Latencia en milisegundos(ms)',NULL,'2013-03-28 14:31:04','2013-03-28 14:31:04'),(479,2,'Memory used in %','Memoria usada en porcetaje(%)',NULL,'2013-03-28 14:31:04','2013-03-28 14:31:04'),(480,2,'Pages per month','Páginas por mes',NULL,'2013-03-28 14:31:04','2013-03-28 14:31:04'),(481,2,'Visitors per month','Visitantes por mes',NULL,'2013-03-28 14:31:04','2013-03-28 14:31:04'),(482,2,'Visitors','Visitantes',NULL,'2013-03-28 14:31:04','2013-03-28 14:31:04'),(483,2,'Bounce rate','Calificación',NULL,'2013-03-28 14:31:04','2013-03-28 14:31:04'),(484,2,'No results for \"%1%\"','No hay resultados para \"%1%\"',NULL,'2013-03-28 14:31:04','2013-03-28 14:31:04'),(485,2,'Results %1% to %2% of %3%','Resultados %1% a %2% de %3%',NULL,'2013-03-28 14:31:04','2013-03-28 14:31:04'),(486,2,'Items','Elementos',NULL,'2013-03-28 14:31:05','2013-03-28 14:31:05'),(487,2,'Save this %1% to access to the gallery','Guarde este %1% para acceder a la galería',NULL,'2013-03-28 14:31:05','2013-03-28 14:31:05'),(488,2,'UL CSS class','Clase CSS UL',NULL,'2013-03-28 14:31:05','2013-03-28 14:31:05'),(489,2,'LI CSS class','Clase CSS LI',NULL,'2013-03-28 14:31:05','2013-03-28 14:31:05'),(490,2,'Ascendant','Ascendente',NULL,'2013-03-28 14:31:05','2013-03-28 14:31:05'),(491,2,'Descendant','Descendente',NULL,'2013-03-28 14:31:05','2013-03-28 14:31:05'),(492,2,'Version','Versión',NULL,'2013-03-28 14:31:05','2013-03-28 14:31:05'),(493,2,'The widget can not be rendered because its type does not exist anymore.','Este componente (widget) no puede ser representado porque no existe',NULL,'2013-03-28 14:31:05','2013-03-28 14:31:05'),(494,2,'Link to this page:','Enlace a esta página',NULL,'2013-03-28 14:31:05','2013-03-28 14:31:05'),(495,2,'Sentence','Frase',NULL,'2013-03-28 14:31:05','2013-03-28 14:31:05'),(496,2,'The item was created successfully.','El elemento fue creado correctamente.',NULL,'2013-03-28 14:31:05','2013-03-28 14:31:05'),(497,2,'The item was created successfully. You can add another one below.','El elemento fue creado correctamente. Puede agregar otro abajo.',NULL,'2013-03-28 14:31:05','2013-03-28 14:31:05'),(498,2,'Heading 2','Encabezado 2',NULL,'2013-03-28 14:31:05','2013-03-28 14:31:05'),(499,2,'Heading 3','Encabezado 3',NULL,'2013-03-28 14:31:05','2013-03-28 14:31:05'),(500,2,'Heading 4','Encabezado 4',NULL,'2013-03-28 14:31:05','2013-03-28 14:31:05'),(501,2,'Heading 5','Encabezado 5',NULL,'2013-03-28 14:31:05','2013-03-28 14:31:05'),(502,2,'Bold','Negrita',NULL,'2013-03-28 14:31:05','2013-03-28 14:31:05'),(503,2,'Italic','Cursiva',NULL,'2013-03-28 14:31:05','2013-03-28 14:31:05'),(504,2,'Bulleted List','Lista de puntos',NULL,'2013-03-28 14:31:05','2013-03-28 14:31:05'),(505,2,'Numeric List','Lista numerada',NULL,'2013-03-28 14:31:05','2013-03-28 14:31:05'),(506,2,'Enlarge the editor','Ampliar el editor',NULL,'2013-03-28 14:31:05','2013-03-28 14:31:05'),(507,2,'Permission','Permiso',NULL,'2013-03-28 14:31:05','2013-03-28 14:31:05'),(508,2,'Nb sent mails','Núm. de correos enviados',NULL,'2013-03-28 14:31:05','2013-03-28 14:31:05'),(509,2,'Advanced search','Búsqueda avanzada',NULL,'2013-03-28 14:31:05','2013-03-28 14:31:05'),(510,2,'Today','Hoy',NULL,'2013-03-28 14:31:05','2013-03-28 14:31:05'),(511,2,'Past %number% days','Últimos %number% días ',NULL,'2013-03-28 14:31:05','2013-03-28 14:31:05'),(512,2,'This month','Este mes',NULL,'2013-03-28 14:31:05','2013-03-28 14:31:05'),(513,2,'This year','Este año',NULL,'2013-03-28 14:31:05','2013-03-28 14:31:05'),(514,2,'Pages per week','Páginas por semana',NULL,'2013-03-28 14:31:05','2013-03-28 14:31:05'),(515,2,'Visitors per week','Visitantes a la semana',NULL,'2013-03-28 14:31:05','2013-03-28 14:31:05'),(516,2,'Show extended options','Mostrar opciones extendidas',NULL,'2013-03-28 14:31:05','2013-03-28 14:31:05'),(517,2,'Hide extended options','Ocultar opciones extendidas',NULL,'2013-03-28 14:31:05','2013-03-28 14:31:05'),(518,2,'Records','Récords',NULL,'2013-03-28 14:31:05','2013-03-28 14:31:05'),(519,2,'Record','Récord',NULL,'2013-03-28 14:31:05','2013-03-28 14:31:05');

/*Table structure for table `dm_user` */

DROP TABLE IF EXISTS `dm_user`;

CREATE TABLE `dm_user` (
  `id` bigint(20) NOT NULL AUTO_INCREMENT,
  `username` varchar(255) COLLATE utf8_unicode_ci NOT NULL,
  `email` varchar(255) COLLATE utf8_unicode_ci NOT NULL,
  `algorithm` varchar(128) COLLATE utf8_unicode_ci NOT NULL DEFAULT 'sha1',
  `salt` varchar(128) COLLATE utf8_unicode_ci DEFAULT NULL,
  `password` varchar(128) COLLATE utf8_unicode_ci DEFAULT NULL,
  `is_active` tinyint(1) DEFAULT '1',
  `is_super_admin` tinyint(1) DEFAULT '0',
  `last_login` datetime DEFAULT NULL,
  `forgot_password_code` varchar(12) COLLATE utf8_unicode_ci DEFAULT NULL,
  `created_at` datetime NOT NULL,
  `updated_at` datetime NOT NULL,
  PRIMARY KEY (`id`),
  UNIQUE KEY `username` (`username`),
  UNIQUE KEY `email` (`email`),
  UNIQUE KEY `forgot_password_code` (`forgot_password_code`),
  KEY `is_active_idx_idx` (`is_active`)
) ENGINE=InnoDB AUTO_INCREMENT=2 DEFAULT CHARSET=utf8 COLLATE=utf8_unicode_ci;

/*Data for the table `dm_user` */

insert  into `dm_user`(`id`,`username`,`email`,`algorithm`,`salt`,`password`,`is_active`,`is_super_admin`,`last_login`,`forgot_password_code`,`created_at`,`updated_at`) values (1,'admin','admin@megacables.com','sha1','1a1c05fbe2651b809c6f18a95c30e648','151ab2800cb4d724292e637196592c223c876b52',1,1,'2013-04-26 20:06:43',NULL,'2013-03-28 14:31:01','2013-03-28 14:31:01');

/*Table structure for table `dm_user_group` */

DROP TABLE IF EXISTS `dm_user_group`;

CREATE TABLE `dm_user_group` (
  `dm_user_id` bigint(20) NOT NULL DEFAULT '0',
  `dm_group_id` bigint(20) NOT NULL DEFAULT '0',
  PRIMARY KEY (`dm_user_id`,`dm_group_id`),
  KEY `dm_user_group_dm_group_id_dm_group_id` (`dm_group_id`),
  CONSTRAINT `dm_user_group_dm_group_id_dm_group_id` FOREIGN KEY (`dm_group_id`) REFERENCES `dm_group` (`id`) ON DELETE CASCADE,
  CONSTRAINT `dm_user_group_dm_user_id_dm_user_id` FOREIGN KEY (`dm_user_id`) REFERENCES `dm_user` (`id`) ON DELETE CASCADE
) ENGINE=InnoDB DEFAULT CHARSET=utf8 COLLATE=utf8_unicode_ci;

/*Data for the table `dm_user_group` */

/*Table structure for table `dm_user_permission` */

DROP TABLE IF EXISTS `dm_user_permission`;

CREATE TABLE `dm_user_permission` (
  `dm_user_id` bigint(20) NOT NULL DEFAULT '0',
  `dm_permission_id` bigint(20) NOT NULL DEFAULT '0',
  PRIMARY KEY (`dm_user_id`,`dm_permission_id`),
  KEY `dm_user_permission_dm_permission_id_dm_permission_id` (`dm_permission_id`),
  CONSTRAINT `dm_user_permission_dm_permission_id_dm_permission_id` FOREIGN KEY (`dm_permission_id`) REFERENCES `dm_permission` (`id`) ON DELETE CASCADE,
  CONSTRAINT `dm_user_permission_dm_user_id_dm_user_id` FOREIGN KEY (`dm_user_id`) REFERENCES `dm_user` (`id`) ON DELETE CASCADE
) ENGINE=InnoDB DEFAULT CHARSET=utf8 COLLATE=utf8_unicode_ci;

/*Data for the table `dm_user_permission` */

/*Table structure for table `dm_widget` */

DROP TABLE IF EXISTS `dm_widget`;

CREATE TABLE `dm_widget` (
  `id` bigint(20) NOT NULL AUTO_INCREMENT,
  `dm_zone_id` bigint(20) NOT NULL,
  `module` varchar(127) COLLATE utf8_unicode_ci NOT NULL,
  `action` varchar(127) COLLATE utf8_unicode_ci NOT NULL,
  `css_class` varchar(255) COLLATE utf8_unicode_ci DEFAULT NULL,
  `position` bigint(20) DEFAULT NULL,
  `updated_at` datetime NOT NULL,
  PRIMARY KEY (`id`),
  KEY `dm_zone_id_idx` (`dm_zone_id`),
  CONSTRAINT `dm_widget_dm_zone_id_dm_zone_id` FOREIGN KEY (`dm_zone_id`) REFERENCES `dm_zone` (`id`) ON DELETE CASCADE
) ENGINE=InnoDB AUTO_INCREMENT=81 DEFAULT CHARSET=utf8 COLLATE=utf8_unicode_ci;

/*Data for the table `dm_widget` */

insert  into `dm_widget`(`id`,`dm_zone_id`,`module`,`action`,`css_class`,`position`,`updated_at`) values (1,1,'dmWidgetContent','title',NULL,-1,'2013-03-28 14:31:03'),(2,2,'dmUser','signin',NULL,-2,'2013-03-28 14:31:03'),(3,8,'dmWidgetContent','text','',1,'2013-03-28 15:23:16'),(4,3,'dmWidgetContent','image','',1,'2013-03-28 16:26:27'),(5,12,'dmWidgetNavigation','menu','menu menu_main',1,'2013-04-17 21:01:43'),(6,13,'dmWidgetContent','nivoGallery','',1,'2013-04-17 22:03:49'),(8,7,'dmWidgetContent','text','creditos',1,'2013-04-17 21:06:07'),(9,17,'main','socialIcons',NULL,2,'2013-04-25 19:05:23'),(10,13,'dmWidgetContent','title','btn_titular',2,'2013-04-17 22:35:02'),(11,18,'dmWidgetContent','nivoGallery','',1,'2013-04-17 22:03:49'),(12,20,'dmWidgetContent','nivoGallery','',1,'2013-04-17 22:03:49'),(13,18,'dmWidgetContent','title','btn_titular',2,'2013-04-17 22:35:02'),(14,20,'dmWidgetContent','title','btn_titular',2,'2013-04-17 22:35:02'),(16,19,'dmWidgetContent','text','titular titular_bl',1,'2013-04-17 23:54:20'),(17,22,'contact','form','',1,'2013-04-18 00:08:56'),(18,25,'main','map',NULL,1,'2013-04-18 00:06:47'),(19,14,'category','listRoot','',1,'2013-04-18 15:42:24'),(20,74,'category','listRoot','span10',1,'2013-04-26 16:07:58'),(21,47,'category','list','',1,'2013-04-25 19:07:27'),(22,47,'product','list','',2,'2013-04-25 19:07:27'),(23,16,'category','listRoot','menu_interior',1,'2013-04-25 23:40:56'),(24,15,'dmWidgetContent','nivoGallery','',1,'2013-04-17 22:03:49'),(25,26,'dmWidgetContent','nivoGallery','',1,'2013-04-17 22:03:49'),(26,26,'dmWidgetContent','title','btn_titular',2,'2013-04-17 22:35:02'),(27,21,'newItem','listHome','',2,'2013-04-18 17:30:59'),(28,21,'dmWidgetContent','text','titular titular_bl',1,'2013-04-17 23:54:20'),(29,27,'dmWidgetContent','text','titular titular_bl',1,'2013-04-17 23:54:20'),(32,33,'newItem','list','',3,'2013-04-18 18:58:25'),(34,31,'newItem','show','',1,'2013-04-18 18:44:48'),(35,32,'dmWidgetContent','nivoGallery','',1,'2013-04-17 22:03:49'),(36,30,'dmWidgetContent','nivoGallery','',1,'2013-04-17 22:03:49'),(37,33,'dmWidgetContent','text','titular titular_bl',2,'2013-04-18 18:58:25'),(38,35,'dmWidgetContent','text','titular titular_bl',1,'2013-04-18 19:12:54'),(39,35,'dmWidgetContent','text','texto_general',2,'2013-04-18 19:12:54'),(40,36,'dmWidgetContent','text','titular titular_bl',1,'2013-04-17 23:54:20'),(41,36,'dmWidgetContent','text','texto_general',2,'2013-04-18 19:09:49'),(42,36,'dmWidgetContent','image','',3,'2013-04-18 19:09:49'),(43,32,'dmWidgetContent','title','btn_titular',2,'2013-04-17 22:35:02'),(44,37,'dmWidgetContent','image','',1,'2013-03-28 16:26:27'),(45,38,'dmWidgetNavigation','menu','menu menu_main',1,'2013-04-17 21:01:43'),(46,41,'dmWidgetContent','text','creditos',1,'2013-04-17 21:06:07'),(47,42,'main','socialIcons',NULL,1,'2013-04-17 21:09:19'),(48,40,'dmWidgetContent','image','',1,'2013-04-18 19:29:38'),(49,75,'category','listMenu','',1,'2013-04-26 16:29:36'),(50,28,'dmWidgetContent','nivoGallery','',1,'2013-04-17 22:03:49'),(51,29,'product','show','',1,'2013-04-25 19:20:42'),(52,48,'dmWidgetContent','image','',1,'2013-03-28 16:26:27'),(53,49,'dmWidgetNavigation','menu','menu menu_main',1,'2013-04-17 21:01:43'),(54,52,'dmWidgetContent','image','',2,'2013-04-25 19:25:26'),(55,51,'category','listMenu','',1,'2013-04-25 19:25:27'),(56,53,'dmWidgetContent','text','creditos',1,'2013-04-17 21:06:07'),(57,54,'main','socialIcons',NULL,1,'2013-04-17 21:09:19'),(58,56,'product','show','',1,'2013-04-25 23:28:32'),(59,28,'dmWidgetContent','title','btn_titular',2,'2013-04-17 22:35:02'),(60,15,'dmWidgetContent','title','btn_titular',2,'2013-04-17 22:35:02'),(61,57,'dmWidgetContent','title','titular_int',1,'2013-04-25 23:00:20'),(62,30,'dmWidgetContent','title','btn_titular',2,'2013-04-17 22:35:02'),(63,58,'dmWidgetContent','image','',1,'2013-03-28 16:26:27'),(64,59,'dmWidgetNavigation','menu','menu menu_main',1,'2013-04-17 21:01:43'),(65,62,'dmWidgetContent','text','creditos',1,'2013-04-17 21:06:07'),(66,63,'main','socialIcons',NULL,2,'2013-04-25 19:05:23'),(67,65,'dmWidgetContent','image','',1,'2013-03-28 16:26:27'),(68,66,'dmWidgetNavigation','menu','menu menu_main',1,'2013-04-17 21:01:43'),(70,69,'dmWidgetContent','image','',2,'2013-04-25 19:25:26'),(71,70,'dmWidgetContent','title','titular_int',1,'2013-04-26 15:51:35'),(72,71,'dmWidgetContent','text','creditos',1,'2013-04-17 21:06:07'),(73,72,'main','socialIcons',NULL,1,'2013-04-17 21:09:19'),(74,70,'newItem','listMenu','',2,'2013-04-26 15:51:35'),(75,27,'dmWidgetContent','text','',2,'2013-04-26 16:06:58'),(76,46,'newItem','listMenu','',2,'2013-04-26 16:28:14'),(77,46,'dmWidgetContent','title','titular_int',1,'2013-04-25 23:00:20'),(78,56,'product','showCvs','',2,'2013-04-26 18:01:32'),(79,56,'product','showButton','',3,'2013-04-26 18:33:36'),(80,57,'product','showPdf','',2,'2013-04-26 19:09:24');

/*Table structure for table `dm_widget_translation` */

DROP TABLE IF EXISTS `dm_widget_translation`;

CREATE TABLE `dm_widget_translation` (
  `id` bigint(20) NOT NULL DEFAULT '0',
  `value` text COLLATE utf8_unicode_ci,
  `lang` char(7) COLLATE utf8_unicode_ci NOT NULL DEFAULT '',
  PRIMARY KEY (`id`,`lang`),
  CONSTRAINT `dm_widget_translation_id_dm_widget_id` FOREIGN KEY (`id`) REFERENCES `dm_widget` (`id`) ON DELETE CASCADE ON UPDATE CASCADE
) ENGINE=InnoDB DEFAULT CHARSET=utf8 COLLATE=utf8_unicode_ci;

/*Data for the table `dm_widget_translation` */

insert  into `dm_widget_translation`(`id`,`value`,`lang`) values (1,'{\"text\":\"Page not found\",\"tag\":\"h1\"}','es'),(2,'[]','es'),(3,'{\"title\":\"\",\"text\":\"hdfhdhadhadgag\\r\\nruru\\r\\nru\\r\\nru\\r\\nru\\r\\nru\\r\\nrfuuru\\r\\nru\",\"mediaId\":null,\"titleLink\":\"\",\"mediaLink\":\"\",\"titlePosition\":\"outside\",\"width\":\"\",\"height\":\"\",\"legend\":\"\",\"method\":\"center\",\"background\":\"FFFFFF\",\"quality\":null}','es'),(4,'{\"mediaId\":\"1\",\"legend\":\"Ir al Inicio\",\"width\":\"351\",\"height\":\"101\",\"method\":\"center\",\"background\":\"FFFFFF\",\"quality\":null,\"link\":\"page:1 Home\"}','es'),(5,'{\"ulClass\":\"\",\"menuName\":\"\",\"liClass\":\"\",\"menuClass\":\"\",\"items\":[{\"link\":\"page:1\",\"text\":\"Home\",\"secure\":0,\"nofollow\":0,\"depth\":\"0\",\"target\":\"\"},{\"link\":\"page:11\",\"text\":\"Empresa\",\"secure\":0,\"nofollow\":0,\"depth\":\"0\",\"target\":\"\"},{\"link\":\"page:4\",\"text\":\"Productos\",\"secure\":0,\"nofollow\":0,\"depth\":\"0\",\"target\":\"\"},{\"link\":\"page:12\",\"text\":\"Proyectos\",\"secure\":0,\"nofollow\":0,\"depth\":\"0\",\"target\":\"\"},{\"link\":\"page:10\",\"text\":\"Contactos\",\"secure\":0,\"nofollow\":0,\"depth\":\"0\",\"target\":\"\"}]}','es'),(6,'{\"media_alt\":[\"\",\"\",\"\"],\"width\":\"1009\",\"height\":\"404\",\"method\":\"center\",\"background\":\"\",\"quality\":null,\"fx\":\"fade\",\"animspeed\":0.5,\"pausetime\":3,\"medias\":[{\"id\":\"9\",\"link\":\"\",\"alt\":\"\"},{\"id\":\"2\",\"link\":\"\",\"alt\":\"\"},{\"id\":\"8\",\"link\":\"\",\"alt\":\"\"}]}','es'),(8,'{\"title\":\"\",\"text\":\"Calle 20 No. 68B-71. Interoce\\u00e1nica Cumbay\\u00e1 Km 11\\/2 . Quito - Ecuador \\r\\nPBX. +57(1) 405 9393 FAX. +57(1) 424 0150   info@megacables.com.ec\\r\\nCopyright \\u00a9 2013 megacables.com.ec  All Rights Reserved \",\"mediaId\":null,\"titleLink\":\"\",\"mediaLink\":\"\",\"titlePosition\":\"outside\",\"width\":\"\",\"height\":\"\",\"legend\":\"\",\"method\":\"center\",\"background\":\"FFFFFF\",\"quality\":null}','es'),(9,'{\"cssClass\":null}','es'),(10,'{\"text\":\"Productos Megacables\",\"tag\":\"h1\",\"href\":\"\"}','es'),(11,'{\"media_alt\":[\"\"],\"width\":\"1009\",\"height\":\"280\",\"method\":\"center\",\"background\":\"\",\"quality\":null,\"fx\":\"fade\",\"animspeed\":0.5,\"pausetime\":3,\"medias\":[{\"id\":\"10\",\"link\":\"\",\"alt\":\"\"}]}','es'),(12,'{\"media_alt\":[\"\"],\"width\":\"1009\",\"height\":\"280\",\"method\":\"center\",\"background\":\"\",\"quality\":null,\"fx\":\"fade\",\"animspeed\":0.5,\"pausetime\":3,\"medias\":[{\"id\":\"11\",\"link\":\"\",\"alt\":\"\"}]}','es'),(13,'{\"text\":\"Cont\\u00e1ctenos\",\"tag\":\"h1\",\"href\":\"\"}','es'),(14,'{\"text\":\"Nuestra empresa\",\"tag\":\"h1\",\"href\":\"\"}','es'),(16,'{\"title\":\"Comun\\u00edquese con nosotros\",\"text\":\"#### H\\u00e1ganos llegar sus consultas y sugerencias\",\"mediaId\":null,\"titleLink\":\"\",\"mediaLink\":\"\",\"titlePosition\":\"outside\",\"width\":\"\",\"height\":\"\",\"legend\":\"\",\"method\":\"center\",\"background\":\"FFFFFF\",\"quality\":null}','es'),(17,'[]','es'),(18,'{\"cssClass\":null}','es'),(19,'{\"orderField\":\"id\",\"orderType\":\"asc\",\"maxPerPage\":5,\"navTop\":false,\"navBottom\":false}','es'),(20,'{\"orderField\":\"id\",\"orderType\":\"asc\",\"maxPerPage\":5,\"navTop\":false,\"navBottom\":false}','es'),(21,'{\"orderField\":\"id\",\"orderType\":\"asc\",\"maxPerPage\":5,\"navTop\":false,\"navBottom\":false}','es'),(22,'{\"orderField\":\"id\",\"orderType\":\"asc\",\"maxPerPage\":7,\"navBottom\":true,\"navTop\":false,\"categoryFilter\":null}','es'),(23,'{\"orderField\":\"id\",\"orderType\":\"asc\",\"maxPerPage\":5,\"navTop\":false,\"navBottom\":false}','es'),(24,'{\"media_alt\":[\"\"],\"width\":\"1009\",\"height\":\"280\",\"method\":\"center\",\"background\":\"\",\"quality\":null,\"fx\":\"fade\",\"animspeed\":0.5,\"pausetime\":3,\"medias\":[{\"id\":\"11\",\"link\":\"\",\"alt\":\"\"}]}','es'),(25,'{\"media_alt\":[\"\"],\"width\":\"1009\",\"height\":\"280\",\"method\":\"center\",\"background\":\"\",\"quality\":null,\"fx\":\"fade\",\"animspeed\":0.5,\"pausetime\":3,\"medias\":[{\"id\":\"19\",\"link\":\"\",\"alt\":\"\"}]}','es'),(26,'{\"text\":\"Nuestros Productos\",\"tag\":\"h1\",\"href\":\"\"}','es'),(27,'{\"orderField\":\"id\",\"orderType\":\"asc\",\"maxPerPage\":2,\"navTop\":false,\"navBottom\":false}','es'),(28,'{\"title\":\"Proyectos Recientes\",\"text\":\"#### Algunos de nuestros m\\u00e1s recientes proyectos realizados.\",\"mediaId\":null,\"titleLink\":\"\",\"mediaLink\":\"\",\"titlePosition\":\"outside\",\"width\":\"\",\"height\":\"\",\"legend\":\"\",\"method\":\"center\",\"background\":\"FFFFFF\",\"quality\":null}','es'),(29,'{\"title\":\"Sectores\",\"text\":\"#### Soluciones efectivas para el desarrollo de su empresa\",\"mediaId\":null,\"titleLink\":\"\",\"mediaLink\":\"\",\"titlePosition\":\"outside\",\"width\":\"\",\"height\":\"\",\"legend\":\"\",\"method\":\"center\",\"background\":\"FFFFFF\",\"quality\":null}','es'),(32,'{\"orderField\":\"id\",\"orderType\":\"asc\",\"maxPerPage\":5,\"navBottom\":true,\"navTop\":false}','es'),(34,'{\"recordId\":null}','es'),(35,'{\"media_alt\":[\"\"],\"width\":\"1009\",\"height\":\"280\",\"method\":\"center\",\"background\":\"\",\"quality\":null,\"fx\":\"fade\",\"animspeed\":0.5,\"pausetime\":3,\"medias\":[{\"id\":\"18\",\"link\":\"\",\"alt\":\"\"}]}','es'),(36,'{\"media_alt\":[\"\"],\"width\":\"1009\",\"height\":\"280\",\"method\":\"center\",\"background\":\"\",\"quality\":null,\"fx\":\"fade\",\"animspeed\":0.5,\"pausetime\":3,\"medias\":[{\"id\":\"10\",\"link\":\"\",\"alt\":\"\"}]}','es'),(37,'{\"title\":\"Proyectos Recientes\",\"text\":\"#### Algunos de nuestros m\\u00e1s recientes proyectos realizados.\",\"mediaId\":null,\"titleLink\":\"\",\"mediaLink\":\"\",\"titlePosition\":\"outside\",\"width\":\"\",\"height\":\"\",\"legend\":\"\",\"method\":\"center\",\"background\":\"FFFFFF\",\"quality\":null}','es'),(38,'{\"title\":\"Filosof\\u00eda\",\"text\":\"#### Conozca m\\u00e1s de nuestra empresa.\",\"mediaId\":null,\"titleLink\":\"\",\"mediaLink\":\"\",\"titlePosition\":\"outside\",\"width\":\"\",\"height\":\"\",\"legend\":\"\",\"method\":\"center\",\"background\":\"FFFFFF\",\"quality\":null}','es'),(39,'{\"title\":\"\",\"text\":\"#### Misi\\u00f3n\\r\\nBrindar confianza y seguridad a nuestros clientes locales e internacionales ofreciendo productos y servicios de calidad que satisfagan todas sus necesidades.\\r\\n\\r\\n#### Visi\\u00f3n\\r\\nConvertirnos en la empresa l\\u00edder del mercado nacional de conductores el\\u00e9ctricos de cobre y aluminio y extensiones el\\u00e9ctricas, logrando consolidar nuestros productos en Per\\u00fa, Colombia, Chile y Brasil.\\r\\n\\r\\n#### Nuestros Objetivos\\r\\nMegacables abre sus fronteras iniciando sus exportaciones a pa\\u00edses de Centro y Sudam\\u00e9rica.\",\"mediaId\":null,\"titleLink\":\"\",\"mediaLink\":\"\",\"titlePosition\":\"outside\",\"width\":\"\",\"height\":\"\",\"legend\":\"\",\"method\":\"center\",\"background\":\"FFFFFF\",\"quality\":null}','es'),(40,'{\"title\":\"Certificaciones\",\"text\":\"#### Reconocimientos que certifican la calidad de nuestros productos\",\"mediaId\":null,\"titleLink\":\"\",\"mediaLink\":\"\",\"titlePosition\":\"outside\",\"width\":\"\",\"height\":\"\",\"legend\":\"\",\"method\":\"center\",\"background\":\"FFFFFF\",\"quality\":null}','es'),(41,'{\"title\":\"\",\"text\":\"reconocimientos internacionales son la prueba de nuestros avance en el mercado. Brindar confianza y seguridad a nuestros clientes locales e internacionales ofreciendo productos y servicios de calidad que satisfagan todas sus necesidades. Brindar confianza y seguridad a nuestros clientes locales e internacionales ofreciendo productos y servicios de calidad que satisfagan todas sus necesidades.\",\"mediaId\":null,\"titleLink\":\"\",\"mediaLink\":\"\",\"titlePosition\":\"outside\",\"width\":\"\",\"height\":\"\",\"legend\":\"\",\"method\":\"center\",\"background\":\"FFFFFF\",\"quality\":null}','es'),(42,'{\"mediaId\":\"20\",\"legend\":\"\",\"width\":\"355\",\"height\":\"116\",\"method\":\"center\",\"background\":\"FFFFFF\",\"quality\":null,\"link\":\"\"}','es'),(43,'{\"text\":\"Proyectos\",\"tag\":\"h1\",\"href\":\"\"}','es'),(44,'{\"mediaId\":\"1\",\"legend\":\"Ir al Inicio\",\"width\":\"351\",\"height\":\"101\",\"method\":\"center\",\"background\":\"FFFFFF\",\"quality\":null,\"link\":\"page:1 Home\"}','es'),(45,'{\"ulClass\":\"\",\"menuName\":\"\",\"liClass\":\"\",\"menuClass\":\"\",\"items\":[{\"link\":\"page:1\",\"text\":\"Home\",\"secure\":0,\"nofollow\":0,\"depth\":\"0\",\"target\":\"\"},{\"link\":\"page:11\",\"text\":\"Empresa\",\"secure\":0,\"nofollow\":0,\"depth\":\"0\",\"target\":\"\"},{\"link\":\"page:4\",\"text\":\"Productos\",\"secure\":0,\"nofollow\":0,\"depth\":\"0\",\"target\":\"\"},{\"link\":\"page:12\",\"text\":\"Proyectos\",\"secure\":0,\"nofollow\":0,\"depth\":\"0\",\"target\":\"\"},{\"link\":\"page:10\",\"text\":\"Contactos\",\"secure\":0,\"nofollow\":0,\"depth\":\"0\",\"target\":\"\"}]}','es'),(46,'{\"title\":\"\",\"text\":\"Calle 20 No. 68B-71. Interoce\\u00e1nica Cumbay\\u00e1 Km 11\\/2 . Quito - Ecuador \\r\\nPBX. +57(1) 405 9393 FAX. +57(1) 424 0150   info@megacables.com.ec\\r\\nCopyright \\u00a9 2013 megacables.com.ec  All Rights Reserved \",\"mediaId\":null,\"titleLink\":\"\",\"mediaLink\":\"\",\"titlePosition\":\"outside\",\"width\":\"\",\"height\":\"\",\"legend\":\"\",\"method\":\"center\",\"background\":\"FFFFFF\",\"quality\":null}','es'),(47,'{\"cssClass\":null}','es'),(48,'{\"mediaId\":\"21\",\"legend\":\"\",\"width\":\"274\",\"height\":\"239\",\"method\":\"center\",\"background\":\"FFFFFF\",\"quality\":null,\"link\":\"page:10 Contactos\"}','es'),(49,'{\"orderField\":\"id\",\"orderType\":\"asc\",\"maxPerPage\":5,\"navTop\":false,\"navBottom\":false}','es'),(50,'{\"media_alt\":[\"\"],\"width\":\"1009\",\"height\":\"280\",\"method\":\"center\",\"background\":\"\",\"quality\":null,\"fx\":\"fade\",\"animspeed\":0.5,\"pausetime\":3,\"medias\":[{\"id\":\"11\",\"link\":\"\",\"alt\":\"\"}]}','es'),(51,'{\"recordId\":null}','es'),(52,'{\"mediaId\":\"1\",\"legend\":\"Ir al Inicio\",\"width\":\"351\",\"height\":\"101\",\"method\":\"center\",\"background\":\"FFFFFF\",\"quality\":null,\"link\":\"page:1 Home\"}','es'),(53,'{\"ulClass\":\"\",\"menuName\":\"\",\"liClass\":\"\",\"menuClass\":\"\",\"items\":[{\"link\":\"page:1\",\"text\":\"Home\",\"secure\":0,\"nofollow\":0,\"depth\":\"0\",\"target\":\"\"},{\"link\":\"page:11\",\"text\":\"Empresa\",\"secure\":0,\"nofollow\":0,\"depth\":\"0\",\"target\":\"\"},{\"link\":\"page:4\",\"text\":\"Productos\",\"secure\":0,\"nofollow\":0,\"depth\":\"0\",\"target\":\"\"},{\"link\":\"page:12\",\"text\":\"Proyectos\",\"secure\":0,\"nofollow\":0,\"depth\":\"0\",\"target\":\"\"},{\"link\":\"page:10\",\"text\":\"Contactos\",\"secure\":0,\"nofollow\":0,\"depth\":\"0\",\"target\":\"\"}]}','es'),(54,'{\"mediaId\":\"21\",\"legend\":\"\",\"width\":\"274\",\"height\":\"239\",\"method\":\"center\",\"background\":\"FFFFFF\",\"quality\":null,\"link\":\"page:10 Contactos\"}','es'),(55,'{\"orderField\":\"id\",\"orderType\":\"rand\",\"maxPerPage\":10,\"navTop\":false,\"navBottom\":false}','es'),(56,'{\"title\":\"\",\"text\":\"Calle 20 No. 68B-71. Interoce\\u00e1nica Cumbay\\u00e1 Km 11\\/2 . Quito - Ecuador \\r\\nPBX. +57(1) 405 9393 FAX. +57(1) 424 0150   info@megacables.com.ec\\r\\nCopyright \\u00a9 2013 megacables.com.ec  All Rights Reserved \",\"mediaId\":null,\"titleLink\":\"\",\"mediaLink\":\"\",\"titlePosition\":\"outside\",\"width\":\"\",\"height\":\"\",\"legend\":\"\",\"method\":\"center\",\"background\":\"FFFFFF\",\"quality\":null}','es'),(57,'{\"cssClass\":null}','es'),(58,'{\"recordId\":null}','es'),(59,'{\"text\":\"Producto Seleccionado\",\"tag\":\"h1\",\"href\":\"\"}','es'),(60,'{\"text\":\"Productos Megacables\",\"tag\":\"h1\",\"href\":\"\"}','es'),(61,'{\"text\":\"Descargas\",\"tag\":\"h3\",\"href\":\"\"}','es'),(62,'{\"text\":\"Proyectos\",\"tag\":\"h1\",\"href\":\"\"}','es'),(63,'{\"mediaId\":\"1\",\"legend\":\"Ir al Inicio\",\"width\":\"351\",\"height\":\"101\",\"method\":\"center\",\"background\":\"FFFFFF\",\"quality\":null,\"link\":\"page:1 Home\"}','es'),(64,'{\"ulClass\":\"\",\"menuName\":\"\",\"liClass\":\"\",\"menuClass\":\"\",\"items\":[{\"link\":\"page:1\",\"text\":\"Home\",\"secure\":0,\"nofollow\":0,\"depth\":\"0\",\"target\":\"\"},{\"link\":\"page:11\",\"text\":\"Empresa\",\"secure\":0,\"nofollow\":0,\"depth\":\"0\",\"target\":\"\"},{\"link\":\"page:4\",\"text\":\"Productos\",\"secure\":0,\"nofollow\":0,\"depth\":\"0\",\"target\":\"\"},{\"link\":\"page:12\",\"text\":\"Proyectos\",\"secure\":0,\"nofollow\":0,\"depth\":\"0\",\"target\":\"\"},{\"link\":\"page:10\",\"text\":\"Contactos\",\"secure\":0,\"nofollow\":0,\"depth\":\"0\",\"target\":\"\"}]}','es'),(65,'{\"title\":\"\",\"text\":\"Calle 20 No. 68B-71. Interoce\\u00e1nica Cumbay\\u00e1 Km 11\\/2 . Quito - Ecuador \\r\\nPBX. +57(1) 405 9393 FAX. +57(1) 424 0150   info@megacables.com.ec\\r\\nCopyright \\u00a9 2013 megacables.com.ec  All Rights Reserved \",\"mediaId\":null,\"titleLink\":\"\",\"mediaLink\":\"\",\"titlePosition\":\"outside\",\"width\":\"\",\"height\":\"\",\"legend\":\"\",\"method\":\"center\",\"background\":\"FFFFFF\",\"quality\":null}','es'),(66,'{\"cssClass\":null}','es'),(67,'{\"mediaId\":\"1\",\"legend\":\"Ir al Inicio\",\"width\":\"351\",\"height\":\"101\",\"method\":\"center\",\"background\":\"FFFFFF\",\"quality\":null,\"link\":\"page:1 Home\"}','es'),(68,'{\"ulClass\":\"\",\"menuName\":\"\",\"liClass\":\"\",\"menuClass\":\"\",\"items\":[{\"link\":\"page:1\",\"text\":\"Home\",\"secure\":0,\"nofollow\":0,\"depth\":\"0\",\"target\":\"\"},{\"link\":\"page:11\",\"text\":\"Empresa\",\"secure\":0,\"nofollow\":0,\"depth\":\"0\",\"target\":\"\"},{\"link\":\"page:4\",\"text\":\"Productos\",\"secure\":0,\"nofollow\":0,\"depth\":\"0\",\"target\":\"\"},{\"link\":\"page:12\",\"text\":\"Proyectos\",\"secure\":0,\"nofollow\":0,\"depth\":\"0\",\"target\":\"\"},{\"link\":\"page:10\",\"text\":\"Contactos\",\"secure\":0,\"nofollow\":0,\"depth\":\"0\",\"target\":\"\"}]}','es'),(70,'{\"mediaId\":\"21\",\"legend\":\"\",\"width\":\"274\",\"height\":\"239\",\"method\":\"center\",\"background\":\"FFFFFF\",\"quality\":null,\"link\":\"page:10 Contactos\"}','es'),(71,'{\"text\":\"Proyectos Realizados\",\"tag\":\"h3\",\"href\":\"\"}','es'),(72,'{\"title\":\"\",\"text\":\"Calle 20 No. 68B-71. Interoce\\u00e1nica Cumbay\\u00e1 Km 11\\/2 . Quito - Ecuador \\r\\nPBX. +57(1) 405 9393 FAX. +57(1) 424 0150   info@megacables.com.ec\\r\\nCopyright \\u00a9 2013 megacables.com.ec  All Rights Reserved \",\"mediaId\":null,\"titleLink\":\"\",\"mediaLink\":\"\",\"titlePosition\":\"outside\",\"width\":\"\",\"height\":\"\",\"legend\":\"\",\"method\":\"center\",\"background\":\"FFFFFF\",\"quality\":null}','es'),(73,'{\"cssClass\":null}','es'),(74,'{\"orderField\":\"id\",\"orderType\":\"asc\",\"maxPerPage\":5,\"navTop\":false,\"navBottom\":false}','es'),(75,'{\"title\":\"\",\"text\":\"En Megacables ofrecemos soluciones en los sectores industriales y empresariales fofreciendo productos desarrollados con los m\\u00e1s altos estandares internacionales.\",\"mediaId\":null,\"titleLink\":\"\",\"mediaLink\":\"\",\"titlePosition\":\"outside\",\"width\":\"\",\"height\":\"\",\"legend\":\"\",\"method\":\"center\",\"background\":\"FFFFFF\",\"quality\":null}','es'),(76,'{\"orderField\":\"id\",\"orderType\":\"asc\",\"maxPerPage\":5,\"navTop\":false,\"navBottom\":false}','es'),(77,'{\"text\":\"Otros Proyectos\",\"tag\":\"h3\",\"href\":\"\"}','es'),(78,'{\"recordId\":null}','es'),(79,'{\"recordId\":null}','es'),(80,'{\"recordId\":null}','es');

/*Table structure for table `dm_zone` */

DROP TABLE IF EXISTS `dm_zone`;

CREATE TABLE `dm_zone` (
  `id` bigint(20) NOT NULL AUTO_INCREMENT,
  `dm_area_id` bigint(20) NOT NULL,
  `css_class` varchar(255) COLLATE utf8_unicode_ci DEFAULT NULL,
  `width` varchar(15) COLLATE utf8_unicode_ci DEFAULT NULL,
  `position` bigint(20) DEFAULT NULL,
  PRIMARY KEY (`id`),
  KEY `dm_area_id_idx` (`dm_area_id`),
  CONSTRAINT `dm_zone_dm_area_id_dm_area_id` FOREIGN KEY (`dm_area_id`) REFERENCES `dm_area` (`id`) ON DELETE CASCADE
) ENGINE=InnoDB AUTO_INCREMENT=76 DEFAULT CHARSET=utf8 COLLATE=utf8_unicode_ci;

/*Data for the table `dm_zone` */

insert  into `dm_zone`(`id`,`dm_area_id`,`css_class`,`width`,`position`) values (1,1,NULL,NULL,-1),(2,2,NULL,NULL,-2),(3,3,'span8','',1),(4,4,NULL,NULL,-4),(5,5,'span12','',1),(6,6,NULL,NULL,-6),(7,7,'span11','',1),(8,5,'span12 endrow','',2),(9,5,'span8','',3),(10,5,'span8','',4),(11,5,'span8 endrow','',5),(12,3,'span15 omega','',2),(13,8,NULL,NULL,-8),(14,9,'seccion','',-9),(15,10,NULL,NULL,-10),(16,43,'menu_interior','',1),(17,7,'span8 omega','',2),(18,12,NULL,NULL,-12),(19,13,'seccion','',1),(20,14,NULL,NULL,-14),(21,15,NULL,NULL,4),(22,13,'span12','',2),(23,16,NULL,NULL,-16),(24,17,NULL,NULL,-17),(25,13,'span12 omega','',3),(26,18,NULL,NULL,2),(27,44,'seccion','',1),(28,20,NULL,NULL,-20),(29,21,NULL,NULL,-21),(30,22,NULL,NULL,1),(31,32,'seccion','',2),(32,24,NULL,NULL,2),(33,31,'seccion','',1),(34,15,NULL,NULL,1),(35,15,'span12 seccion','',2),(36,15,'span11 seccion omega','',3),(37,26,'span8','',1),(38,26,'span15 omega','',2),(39,27,NULL,NULL,-4),(40,28,'seccion','',1),(41,29,'span11','',1),(42,29,'span8 omega','',2),(43,30,NULL,NULL,-24),(44,31,NULL,NULL,2),(46,28,'seccion','',2),(47,11,'seccion','',2),(48,33,'span8','',1),(49,33,'span15 omega','',2),(50,34,NULL,NULL,-4),(51,35,'seccion','',3),(52,35,'seccion','',1),(53,36,'span11','',1),(54,36,'span8 omega','',2),(55,37,NULL,NULL,-24),(56,38,'seccion','',-25),(57,35,NULL,NULL,2),(58,39,'span8','',1),(59,39,'span15 omega','',2),(60,40,NULL,NULL,-4),(61,41,NULL,NULL,-6),(62,42,'span11','',1),(63,42,'span8 omega','',2),(65,45,'span8','',1),(66,45,'span15 omega','',2),(67,46,NULL,NULL,-4),(69,47,'seccion','',1),(70,47,NULL,NULL,2),(71,48,'span11','',1),(72,48,'span8 omega','',2),(73,49,NULL,NULL,-24),(74,44,NULL,NULL,2),(75,28,'seccion','',3);

/*Table structure for table `migration_version` */

DROP TABLE IF EXISTS `migration_version`;

CREATE TABLE `migration_version` (
  `version` int(11) DEFAULT NULL
) ENGINE=InnoDB DEFAULT CHARSET=latin1;

/*Data for the table `migration_version` */

insert  into `migration_version`(`version`) values (6);

/*Table structure for table `new_item` */

DROP TABLE IF EXISTS `new_item`;

CREATE TABLE `new_item` (
  `id` bigint(20) NOT NULL AUTO_INCREMENT,
  `title` varchar(150) COLLATE utf8_unicode_ci NOT NULL,
  `short_text` text COLLATE utf8_unicode_ci,
  `long_text` longtext COLLATE utf8_unicode_ci,
  `image` bigint(20) DEFAULT NULL,
  `created_at` datetime NOT NULL,
  `updated_at` datetime NOT NULL,
  `created_by` bigint(20) DEFAULT NULL,
  `updated_by` bigint(20) DEFAULT NULL,
  `version` bigint(20) DEFAULT NULL,
  PRIMARY KEY (`id`),
  KEY `new_item_image_idx` (`image`),
  KEY `new_item_created_by_idx` (`created_by`),
  KEY `new_item_updated_by_idx` (`updated_by`),
  CONSTRAINT `new_item_created_by_dm_user_id` FOREIGN KEY (`created_by`) REFERENCES `dm_user` (`id`),
  CONSTRAINT `new_item_image_dm_media_id` FOREIGN KEY (`image`) REFERENCES `dm_media` (`id`),
  CONSTRAINT `new_item_updated_by_dm_user_id` FOREIGN KEY (`updated_by`) REFERENCES `dm_user` (`id`)
) ENGINE=InnoDB AUTO_INCREMENT=3 DEFAULT CHARSET=utf8 COLLATE=utf8_unicode_ci;

/*Data for the table `new_item` */

insert  into `new_item`(`id`,`title`,`short_text`,`long_text`,`image`,`created_at`,`updated_at`,`created_by`,`updated_by`,`version`) values (1,'Aeropuerto José Joaquín de Olmedo','1960s with the release of Letraset sheets containing Lorem Ipsum passages. 1960s with the release of Letraset sheets containing Lorem Ipsum passages.','1960s with the release of Letraset sheets containing Lorem Ipsum passages. 1960s with the release of Letraset sheets containing Lorem Ipsum passages. 1960s with the release of Letraset sheets containing Lorem Ipsum passages. 1960s with the release of Letraset sheets containing Lorem Ipsum passages. 1960s with the release of Letraset sheets containing Lorem Ipsum passages. 1960s with the release of Letraset sheets containing Lorem Ipsum passages. 1960s with the release of Letraset sheets containing Lorem Ipsum passages. 1960s with the release of Letraset sheets containing Lorem Ipsum passages.',13,'2013-04-18 17:27:23','2013-04-18 17:27:23',1,1,1),(2,'Malecón de Guayaquil','1960s with the release of Letraset sheets containing Lorem Ipsum passages. 1960s with the release of Letraset sheets containing Lorem Ipsum passages.','1960s with the release of Letraset sheets containing Lorem Ipsum passages. 1960s with the release of Letraset sheets containing Lorem Ipsum passages. 1960s with the release of Letraset sheets containing Lorem Ipsum passages. 1960s with the release of Letraset sheets containing Lorem Ipsum passages. 1960s with the release of Letraset sheets containing Lorem Ipsum passages. 1960s with the release of Letraset sheets containing Lorem Ipsum passages. v 1960s with the release of Letraset sheets containing Lorem Ipsum passages. 1960s with the release of Letraset sheets containing Lorem Ipsum passages.',14,'2013-04-18 17:29:32','2013-04-18 17:29:32',1,1,1);

/*Table structure for table `new_item_dm_media` */

DROP TABLE IF EXISTS `new_item_dm_media`;

CREATE TABLE `new_item_dm_media` (
  `id` bigint(20) NOT NULL AUTO_INCREMENT,
  `dm_media_id` bigint(20) NOT NULL,
  `dm_record_id` bigint(20) NOT NULL,
  `position` bigint(20) DEFAULT NULL,
  PRIMARY KEY (`id`),
  UNIQUE KEY `record_dm_media_idx` (`dm_record_id`,`dm_media_id`),
  KEY `new_item_dm_media_dm_media_id_idx` (`dm_media_id`),
  KEY `new_item_dm_media_dm_record_id_idx` (`dm_record_id`),
  CONSTRAINT `new_item_dm_media_dm_media_id_dm_media_id` FOREIGN KEY (`dm_media_id`) REFERENCES `dm_media` (`id`) ON DELETE CASCADE,
  CONSTRAINT `new_item_dm_media_dm_record_id_new_item_id` FOREIGN KEY (`dm_record_id`) REFERENCES `new_item` (`id`) ON DELETE CASCADE
) ENGINE=InnoDB AUTO_INCREMENT=4 DEFAULT CHARSET=utf8 COLLATE=utf8_unicode_ci;

/*Data for the table `new_item_dm_media` */

insert  into `new_item_dm_media`(`id`,`dm_media_id`,`dm_record_id`,`position`) values (1,23,2,-1),(2,24,2,-2),(3,25,1,-3);

/*Table structure for table `new_item_version` */

DROP TABLE IF EXISTS `new_item_version`;

CREATE TABLE `new_item_version` (
  `id` bigint(20) NOT NULL DEFAULT '0',
  `title` varchar(150) COLLATE utf8_unicode_ci NOT NULL,
  `short_text` text COLLATE utf8_unicode_ci,
  `long_text` longtext COLLATE utf8_unicode_ci,
  `image` bigint(20) DEFAULT NULL,
  `created_at` datetime NOT NULL,
  `updated_at` datetime NOT NULL,
  `created_by` bigint(20) DEFAULT NULL,
  `updated_by` bigint(20) DEFAULT NULL,
  `version` bigint(20) NOT NULL DEFAULT '0',
  PRIMARY KEY (`id`,`version`),
  KEY `new_item_version_id_idx` (`id`),
  CONSTRAINT `new_item_version_id_new_item_id` FOREIGN KEY (`id`) REFERENCES `new_item` (`id`) ON DELETE CASCADE ON UPDATE CASCADE
) ENGINE=InnoDB DEFAULT CHARSET=utf8 COLLATE=utf8_unicode_ci;

/*Data for the table `new_item_version` */

insert  into `new_item_version`(`id`,`title`,`short_text`,`long_text`,`image`,`created_at`,`updated_at`,`created_by`,`updated_by`,`version`) values (1,'Aeropuerto José Joaquín de Olmedo','1960s with the release of Letraset sheets containing Lorem Ipsum passages. 1960s with the release of Letraset sheets containing Lorem Ipsum passages.','1960s with the release of Letraset sheets containing Lorem Ipsum passages. 1960s with the release of Letraset sheets containing Lorem Ipsum passages. 1960s with the release of Letraset sheets containing Lorem Ipsum passages. 1960s with the release of Letraset sheets containing Lorem Ipsum passages. 1960s with the release of Letraset sheets containing Lorem Ipsum passages. 1960s with the release of Letraset sheets containing Lorem Ipsum passages. 1960s with the release of Letraset sheets containing Lorem Ipsum passages. 1960s with the release of Letraset sheets containing Lorem Ipsum passages.',13,'2013-04-18 17:27:23','2013-04-18 17:27:23',1,1,1),(2,'Malecón de Guayaquil','1960s with the release of Letraset sheets containing Lorem Ipsum passages. 1960s with the release of Letraset sheets containing Lorem Ipsum passages.','1960s with the release of Letraset sheets containing Lorem Ipsum passages. 1960s with the release of Letraset sheets containing Lorem Ipsum passages. 1960s with the release of Letraset sheets containing Lorem Ipsum passages. 1960s with the release of Letraset sheets containing Lorem Ipsum passages. 1960s with the release of Letraset sheets containing Lorem Ipsum passages. 1960s with the release of Letraset sheets containing Lorem Ipsum passages. v 1960s with the release of Letraset sheets containing Lorem Ipsum passages. 1960s with the release of Letraset sheets containing Lorem Ipsum passages.',14,'2013-04-18 17:29:32','2013-04-18 17:29:32',1,1,1);

/*Table structure for table `product` */

DROP TABLE IF EXISTS `product`;

CREATE TABLE `product` (
  `id` bigint(20) NOT NULL AUTO_INCREMENT,
  `id_category` bigint(20) DEFAULT NULL,
  `name` varchar(150) COLLATE utf8_unicode_ci NOT NULL,
  `image` bigint(20) DEFAULT NULL,
  `descripcion` longtext COLLATE utf8_unicode_ci,
  `contruccion` longtext COLLATE utf8_unicode_ci,
  `caracteristicas` longtext COLLATE utf8_unicode_ci,
  `aplicacion` longtext COLLATE utf8_unicode_ci,
  `especificaciones` bigint(20) DEFAULT NULL,
  `ficha` bigint(20) DEFAULT NULL,
  `is_active` tinyint(1) DEFAULT NULL,
  `is_new` tinyint(1) DEFAULT NULL,
  `is_promo` tinyint(1) DEFAULT NULL,
  `created_by` bigint(20) DEFAULT NULL,
  `updated_by` bigint(20) DEFAULT NULL,
  `created_at` datetime NOT NULL,
  `updated_at` datetime NOT NULL,
  `version` bigint(20) DEFAULT NULL,
  `image_mini` bigint(20) DEFAULT NULL,
  PRIMARY KEY (`id`),
  KEY `product_image_idx` (`image`),
  KEY `product_especificaciones_idx` (`especificaciones`),
  KEY `product_ficha_idx` (`ficha`),
  KEY `product_id_category_idx` (`id_category`),
  KEY `product_created_by_idx` (`created_by`),
  KEY `product_updated_by_idx` (`updated_by`),
  KEY `product_image_mini_idx` (`image_mini`),
  CONSTRAINT `product_created_by_dm_user_id` FOREIGN KEY (`created_by`) REFERENCES `dm_user` (`id`),
  CONSTRAINT `product_especificaciones_dm_media_id` FOREIGN KEY (`especificaciones`) REFERENCES `dm_media` (`id`),
  CONSTRAINT `product_ficha_dm_media_id` FOREIGN KEY (`ficha`) REFERENCES `dm_media` (`id`),
  CONSTRAINT `product_id_category_category_id` FOREIGN KEY (`id_category`) REFERENCES `category` (`id`) ON DELETE CASCADE,
  CONSTRAINT `product_image_dm_media_id` FOREIGN KEY (`image`) REFERENCES `dm_media` (`id`),
  CONSTRAINT `product_image_mini_dm_media_id` FOREIGN KEY (`image_mini`) REFERENCES `dm_media` (`id`),
  CONSTRAINT `product_updated_by_dm_user_id` FOREIGN KEY (`updated_by`) REFERENCES `dm_user` (`id`)
) ENGINE=InnoDB AUTO_INCREMENT=9 DEFAULT CHARSET=utf8 COLLATE=utf8_unicode_ci;

/*Data for the table `product` */

insert  into `product`(`id`,`id_category`,`name`,`image`,`descripcion`,`contruccion`,`caracteristicas`,`aplicacion`,`especificaciones`,`ficha`,`is_active`,`is_new`,`is_promo`,`created_by`,`updated_by`,`created_at`,`updated_at`,`version`,`image_mini`) values (1,6,'Acometidas Telefónicas Copperweld',51,'Cable especialmente indicado para instalaciones con trazado complejo donde se requiere una alta flexibilidad. Destinado al transporte de energía para instalaciones fijas, distribución de energía en instalaciones interiores y exteriores, acometidas, alumbrado público, etc...','Construccion','**1. Conductor**\r\nCobre electrolítico recocido desnudo\r\nFormación flexible CL.5 s / UNE-EN 60228\r\n\r\n**2. Aislamiento**\r\nAislamiento Policloruro de Vinilo PVC TI2 s/UNE 21.031 p-1\r\n\r\n**3. Cableado**\r\nConductores cableados en capas concéntricas\r\n\r\n**4. Cubierta exterior**\r\nMezcla especial de PVC y goma acrílica\r\nCubierta de color Negro (opcion en azul)','APLICACION DL PRODUCTO',62,63,1,0,1,1,1,'2013-04-18 16:38:33','2013-04-26 19:25:31',18,12),(2,6,'Cable Multipar de Cobre',36,'','','','',NULL,NULL,1,0,0,1,1,'2013-04-25 17:19:41','2013-04-25 22:53:58',3,56),(3,6,'Cable Coaxcial',34,'','','','',NULL,NULL,1,0,0,1,1,'2013-04-25 17:20:00','2013-04-25 22:53:58',3,55),(4,6,'Cable Multipar',35,'','','','',NULL,NULL,1,1,0,1,1,'2013-04-25 17:20:17','2013-04-25 22:53:58',5,57),(5,6,'Cable para datos',37,'','','','',NULL,NULL,1,0,0,1,1,'2013-04-25 17:20:34','2013-04-25 22:53:58',3,58),(6,6,'Cables Concentricos',31,'','','','',NULL,NULL,1,0,1,1,1,'2013-04-25 17:20:53','2013-04-25 22:53:58',4,52),(7,6,'Cables de batería',50,'','','','',NULL,NULL,1,1,0,1,1,'2013-04-25 17:21:12','2013-04-25 22:53:58',6,53),(8,6,'Cable Flexible',33,'','','','',NULL,NULL,1,0,0,1,1,'2013-04-25 17:21:31','2013-04-25 22:53:58',3,54);

/*Table structure for table `product_version` */

DROP TABLE IF EXISTS `product_version`;

CREATE TABLE `product_version` (
  `id` bigint(20) NOT NULL DEFAULT '0',
  `id_category` bigint(20) DEFAULT NULL,
  `name` varchar(150) COLLATE utf8_unicode_ci NOT NULL,
  `image` bigint(20) DEFAULT NULL,
  `descripcion` longtext COLLATE utf8_unicode_ci,
  `contruccion` longtext COLLATE utf8_unicode_ci,
  `caracteristicas` longtext COLLATE utf8_unicode_ci,
  `aplicacion` longtext COLLATE utf8_unicode_ci,
  `especificaciones` bigint(20) DEFAULT NULL,
  `ficha` bigint(20) DEFAULT NULL,
  `is_active` tinyint(1) DEFAULT NULL,
  `is_new` tinyint(1) DEFAULT NULL,
  `is_promo` tinyint(1) DEFAULT NULL,
  `created_by` bigint(20) DEFAULT NULL,
  `updated_by` bigint(20) DEFAULT NULL,
  `created_at` datetime NOT NULL,
  `updated_at` datetime NOT NULL,
  `version` bigint(20) NOT NULL DEFAULT '0',
  `image_mini` bigint(20) DEFAULT NULL,
  PRIMARY KEY (`id`,`version`),
  KEY `product_version_id_idx` (`id`),
  CONSTRAINT `product_version_id_product_id` FOREIGN KEY (`id`) REFERENCES `product` (`id`) ON DELETE CASCADE ON UPDATE CASCADE
) ENGINE=InnoDB DEFAULT CHARSET=utf8 COLLATE=utf8_unicode_ci;

/*Data for the table `product_version` */

insert  into `product_version`(`id`,`id_category`,`name`,`image`,`descripcion`,`contruccion`,`caracteristicas`,`aplicacion`,`especificaciones`,`ficha`,`is_active`,`is_new`,`is_promo`,`created_by`,`updated_by`,`created_at`,`updated_at`,`version`,`image_mini`) values (1,6,'Acometidas Telefónicas Copperweld',12,'Cable especialmente indicado para instalaciones con trazado complejo donde se requiere una alta flexibilidad. Destinado al transporte de energía para instalaciones fijas, distribución de energía en instalaciones interiores y exteriores, acometidas, alumbrado público, etc...','Conductor\r\nCobre electrolítico recocido desnudo\r\nFormación flexible CL.5 s / UNE-EN 60228\r\n','CARACTERISTICAS DEL PRODUCTO ','APLICACION DL PRODUCTO',NULL,NULL,0,0,0,1,1,'2013-04-18 16:38:33','2013-04-18 16:38:33',1,NULL),(1,6,'Acometidas Telefónicas Copperweld',12,'Cable especialmente indicado para instalaciones con trazado complejo donde se requiere una alta flexibilidad. Destinado al transporte de energía para instalaciones fijas, distribución de energía en instalaciones interiores y exteriores, acometidas, alumbrado público, etc...','Conductor\r\nCobre electrolítico recocido desnudo\r\nFormación flexible CL.5 s / UNE-EN 60228\r\n','CARACTERISTICAS DEL PRODUCTO ','APLICACION DL PRODUCTO',NULL,NULL,1,0,0,1,1,'2013-04-18 16:38:33','2013-04-18 16:54:17',2,NULL),(1,6,'Acometidas Telefónicas Copperweld',12,'Cable especialmente indicado para instalaciones con trazado complejo donde se requiere una alta flexibilidad. Destinado al transporte de energía para instalaciones fijas, distribución de energía en instalaciones interiores y exteriores, acometidas, alumbrado público, etc...','Conductor\r\nCobre electrolítico recocido desnudo\r\nFormación flexible CL.5 s / UNE-EN 60228\r\n','CARACTERISTICAS DEL PRODUCTO ','APLICACION DL PRODUCTO',NULL,NULL,1,1,0,1,1,'2013-04-18 16:38:33','2013-04-25 16:14:41',3,NULL),(1,6,'Acometidas Telefónicas Copperweld',12,'Cable especialmente indicado para instalaciones con trazado complejo donde se requiere una alta flexibilidad. Destinado al transporte de energía para instalaciones fijas, distribución de energía en instalaciones interiores y exteriores, acometidas, alumbrado público, etc...','Conductor\r\nCobre electrolítico recocido desnudo\r\nFormación flexible CL.5 s / UNE-EN 60228\r\n','CARACTERISTICAS DEL PRODUCTO ','APLICACION DL PRODUCTO',NULL,NULL,1,1,1,1,1,'2013-04-18 16:38:33','2013-04-25 16:14:50',4,NULL),(1,6,'Acometidas Telefónicas Copperweld',12,'Cable especialmente indicado para instalaciones con trazado complejo donde se requiere una alta flexibilidad. Destinado al transporte de energía para instalaciones fijas, distribución de energía en instalaciones interiores y exteriores, acometidas, alumbrado público, etc...','Conductor\r\nCobre electrolítico recocido desnudo\r\nFormación flexible CL.5 s / UNE-EN 60228\r\n','CARACTERISTICAS DEL PRODUCTO ','APLICACION DL PRODUCTO',NULL,NULL,1,0,1,1,1,'2013-04-18 16:38:33','2013-04-25 16:15:13',5,NULL),(1,1,'Acometidas Telefónicas Copperweld',12,'Cable especialmente indicado para instalaciones con trazado complejo donde se requiere una alta flexibilidad. Destinado al transporte de energía para instalaciones fijas, distribución de energía en instalaciones interiores y exteriores, acometidas, alumbrado público, etc...','Conductor\r\nCobre electrolítico recocido desnudo\r\nFormación flexible CL.5 s / UNE-EN 60228\r\n','CARACTERISTICAS DEL PRODUCTO ','APLICACION DL PRODUCTO',NULL,NULL,1,0,1,1,1,'2013-04-18 16:38:33','2013-04-25 17:49:14',6,NULL),(1,1,'Acometidas Telefónicas Copperweld',51,'Cable especialmente indicado para instalaciones con trazado complejo donde se requiere una alta flexibilidad. Destinado al transporte de energía para instalaciones fijas, distribución de energía en instalaciones interiores y exteriores, acometidas, alumbrado público, etc...','Conductor\r\nCobre electrolítico recocido desnudo\r\nFormación flexible CL.5 s / UNE-EN 60228\r\n','CARACTERISTICAS DEL PRODUCTO ','APLICACION DL PRODUCTO',NULL,NULL,1,0,1,1,1,'2013-04-18 16:38:33','2013-04-25 20:44:40',7,12),(1,1,'Acometidas Telefónicas Copperweld',51,'Cable especialmente indicado para instalaciones con trazado complejo donde se requiere una alta flexibilidad. Destinado al transporte de energía para instalaciones fijas, distribución de energía en instalaciones interiores y exteriores, acometidas, alumbrado público, etc...','Conductor\r\nCobre electrolítico recocido desnudo\r\nFormación flexible CL.5 s / UNE-EN 60228\r\n','CARACTERISTICAS DEL PRODUCTO ','APLICACION DL PRODUCTO',NULL,NULL,1,0,1,1,1,'2013-04-18 16:38:33','2013-04-25 20:44:47',8,12),(1,1,'Acometidas Telefónicas Copperweld',51,'Cable especialmente indicado para instalaciones con trazado complejo donde se requiere una alta flexibilidad. Destinado al transporte de energía para instalaciones fijas, distribución de energía en instalaciones interiores y exteriores, acometidas, alumbrado público, etc...','Conductor\r\nCobre electrolítico recocido desnudo\r\nFormación flexible CL.5 s / UNE-EN 60228\r\n','CARACTERISTICAS DEL PRODUCTO ','APLICACION DL PRODUCTO',NULL,NULL,1,0,1,1,1,'2013-04-18 16:38:33','2013-04-25 20:44:54',9,12),(1,1,'Acometidas Telefónicas Copperweld',51,'Cable especialmente indicado para instalaciones con trazado complejo donde se requiere una alta flexibilidad. Destinado al transporte de energía para instalaciones fijas, distribución de energía en instalaciones interiores y exteriores, acometidas, alumbrado público, etc...','Conductor\r\nCobre electrolítico recocido desnudo\r\nFormación flexible CL.5 s / UNE-EN 60228\r\n','CARACTERISTICAS DEL PRODUCTO ','APLICACION DL PRODUCTO',59,NULL,1,0,1,1,1,'2013-04-18 16:38:33','2013-04-25 21:53:04',10,12),(1,1,'Acometidas Telefónicas Copperweld',51,'Cable especialmente indicado para instalaciones con trazado complejo donde se requiere una alta flexibilidad. Destinado al transporte de energía para instalaciones fijas, distribución de energía en instalaciones interiores y exteriores, acometidas, alumbrado público, etc...','Conductor\r\nCobre electrolítico recocido desnudo\r\nFormación flexible CL.5 s / UNE-EN 60228\r\n\r\n2. Aislamiento\r\nAislamiento Policloruro de Vinilo PVC TI2 s/UNE 21.031 p-1\r\n\r\n3. Cableado\r\nConductores cableados en capas concéntricas\r\n\r\n4. Cubierta exterior\r\nMezcla especial de PVC y goma acrílica\r\nCubierta de color Negro (opcion en azul)\r\n','CARACTERISTICAS DEL PRODUCTO ','APLICACION DL PRODUCTO',59,NULL,1,0,1,1,1,'2013-04-18 16:38:33','2013-04-25 21:55:23',11,12),(1,1,'Acometidas Telefónicas Copperweld',51,'Cable especialmente indicado para instalaciones con trazado complejo donde se requiere una alta flexibilidad. Destinado al transporte de energía para instalaciones fijas, distribución de energía en instalaciones interiores y exteriores, acometidas, alumbrado público, etc...','Construccion','**1. Conductor**\r\nCobre electrolítico recocido desnudo\r\nFormación flexible CL.5 s / UNE-EN 60228\r\n\r\n**2. Aislamiento**\r\nAislamiento Policloruro de Vinilo PVC TI2 s/UNE 21.031 p-1\r\n\r\n**3. Cableado**\r\nConductores cableados en capas concéntricas\r\n\r\n**4. Cubierta exterior**\r\nMezcla especial de PVC y goma acrílica\r\nCubierta de color Negro (opcion en azul)\r\n','APLICACION DL PRODUCTO',59,NULL,1,0,1,1,1,'2013-04-18 16:38:33','2013-04-25 21:56:47',12,12),(1,1,'Acometidas Telefónicas Copperweld',51,'Cable especialmente indicado para instalaciones con trazado complejo donde se requiere una alta flexibilidad. Destinado al transporte de energía para instalaciones fijas, distribución de energía en instalaciones interiores y exteriores, acometidas, alumbrado público, etc...','Construccion','','APLICACION DL PRODUCTO',59,NULL,1,0,1,1,1,'2013-04-18 16:38:33','2013-04-25 21:58:52',13,12),(1,1,'Acometidas Telefónicas Copperweld',51,'Cable especialmente indicado para instalaciones con trazado complejo donde se requiere una alta flexibilidad. Destinado al transporte de energía para instalaciones fijas, distribución de energía en instalaciones interiores y exteriores, acometidas, alumbrado público, etc...','Construccion','1. Conductor\r\nCobre electrolítico recocido desnudo\r\nFormación flexible CL.5 s / UNE-EN 60228\r\n\r\n2. Aislamiento\r\nAislamiento Policloruro de Vinilo PVC TI2 s/UNE 21.031 p-1\r\n\r\n3. Cableado\r\nConductores cableados en capas concéntricas\r\n\r\n4. Cubierta exterior\r\nMezcla especial de PVC y goma acrílica\r\nCubierta de color Negro (opcion en azul)','APLICACION DL PRODUCTO',59,NULL,1,0,1,1,1,'2013-04-18 16:38:33','2013-04-25 22:00:00',14,12),(1,1,'Acometidas Telefónicas Copperweld',51,'Cable especialmente indicado para instalaciones con trazado complejo donde se requiere una alta flexibilidad. Destinado al transporte de energía para instalaciones fijas, distribución de energía en instalaciones interiores y exteriores, acometidas, alumbrado público, etc...','Construccion','**1. Conductor**\r\nCobre electrolítico recocido desnudo\r\nFormación flexible CL.5 s / UNE-EN 60228\r\n\r\n**2. Aislamiento**\r\nAislamiento Policloruro de Vinilo PVC TI2 s/UNE 21.031 p-1\r\n\r\n**3. Cableado**\r\nConductores cableados en capas concéntricas\r\n\r\n**4. Cubierta exterior**\r\nMezcla especial de PVC y goma acrílica\r\nCubierta de color Negro (opcion en azul)','APLICACION DL PRODUCTO',59,NULL,1,0,1,1,1,'2013-04-18 16:38:33','2013-04-25 22:03:27',15,12),(1,6,'Acometidas Telefónicas Copperweld',51,'Cable especialmente indicado para instalaciones con trazado complejo donde se requiere una alta flexibilidad. Destinado al transporte de energía para instalaciones fijas, distribución de energía en instalaciones interiores y exteriores, acometidas, alumbrado público, etc...','Construccion','**1. Conductor**\r\nCobre electrolítico recocido desnudo\r\nFormación flexible CL.5 s / UNE-EN 60228\r\n\r\n**2. Aislamiento**\r\nAislamiento Policloruro de Vinilo PVC TI2 s/UNE 21.031 p-1\r\n\r\n**3. Cableado**\r\nConductores cableados en capas concéntricas\r\n\r\n**4. Cubierta exterior**\r\nMezcla especial de PVC y goma acrílica\r\nCubierta de color Negro (opcion en azul)','APLICACION DL PRODUCTO',59,NULL,1,0,1,1,1,'2013-04-18 16:38:33','2013-04-25 22:53:58',16,12),(1,6,'Acometidas Telefónicas Copperweld',51,'Cable especialmente indicado para instalaciones con trazado complejo donde se requiere una alta flexibilidad. Destinado al transporte de energía para instalaciones fijas, distribución de energía en instalaciones interiores y exteriores, acometidas, alumbrado público, etc...','Construccion','**1. Conductor**\r\nCobre electrolítico recocido desnudo\r\nFormación flexible CL.5 s / UNE-EN 60228\r\n\r\n**2. Aislamiento**\r\nAislamiento Policloruro de Vinilo PVC TI2 s/UNE 21.031 p-1\r\n\r\n**3. Cableado**\r\nConductores cableados en capas concéntricas\r\n\r\n**4. Cubierta exterior**\r\nMezcla especial de PVC y goma acrílica\r\nCubierta de color Negro (opcion en azul)','APLICACION DL PRODUCTO',62,NULL,1,0,1,1,1,'2013-04-18 16:38:33','2013-04-26 18:00:38',17,12),(1,6,'Acometidas Telefónicas Copperweld',51,'Cable especialmente indicado para instalaciones con trazado complejo donde se requiere una alta flexibilidad. Destinado al transporte de energía para instalaciones fijas, distribución de energía en instalaciones interiores y exteriores, acometidas, alumbrado público, etc...','Construccion','**1. Conductor**\r\nCobre electrolítico recocido desnudo\r\nFormación flexible CL.5 s / UNE-EN 60228\r\n\r\n**2. Aislamiento**\r\nAislamiento Policloruro de Vinilo PVC TI2 s/UNE 21.031 p-1\r\n\r\n**3. Cableado**\r\nConductores cableados en capas concéntricas\r\n\r\n**4. Cubierta exterior**\r\nMezcla especial de PVC y goma acrílica\r\nCubierta de color Negro (opcion en azul)','APLICACION DL PRODUCTO',62,63,1,0,1,1,1,'2013-04-18 16:38:33','2013-04-26 19:25:31',18,12),(2,1,'Cable Multipar de Cobre',36,'','','','',NULL,NULL,1,0,0,1,1,'2013-04-25 17:19:41','2013-04-25 17:19:41',1,NULL),(2,1,'Cable Multipar de Cobre',36,'','','','',NULL,NULL,1,0,0,1,1,'2013-04-25 17:19:41','2013-04-25 20:44:20',2,56),(2,6,'Cable Multipar de Cobre',36,'','','','',NULL,NULL,1,0,0,1,1,'2013-04-25 17:19:41','2013-04-25 22:53:58',3,56),(3,1,'Cable Coaxcial',34,'','','','',NULL,NULL,1,0,0,1,1,'2013-04-25 17:20:00','2013-04-25 17:20:00',1,NULL),(3,1,'Cable Coaxcial',34,'','','','',NULL,NULL,1,0,0,1,1,'2013-04-25 17:20:00','2013-04-25 20:43:51',2,55),(3,6,'Cable Coaxcial',34,'','','','',NULL,NULL,1,0,0,1,1,'2013-04-25 17:20:00','2013-04-25 22:53:58',3,55),(4,1,'Cable Multipar',35,'','','','',NULL,NULL,0,0,0,1,1,'2013-04-25 17:20:17','2013-04-25 17:20:17',1,NULL),(4,1,'Cable Multipar',35,'','','','',NULL,NULL,1,0,0,1,1,'2013-04-25 17:20:17','2013-04-25 17:21:41',2,NULL),(4,1,'Cable Multipar',35,'','','','',NULL,NULL,1,1,0,1,1,'2013-04-25 17:20:17','2013-04-25 17:21:43',3,NULL),(4,1,'Cable Multipar',35,'','','','',NULL,NULL,1,1,0,1,1,'2013-04-25 17:20:17','2013-04-25 20:43:24',4,57),(4,6,'Cable Multipar',35,'','','','',NULL,NULL,1,1,0,1,1,'2013-04-25 17:20:17','2013-04-25 22:53:58',5,57),(5,1,'Cable para datos',37,'','','','',NULL,NULL,1,0,0,1,1,'2013-04-25 17:20:34','2013-04-25 17:20:34',1,NULL),(5,1,'Cable para datos',37,'','','','',NULL,NULL,1,0,0,1,1,'2013-04-25 17:20:34','2013-04-25 20:43:10',2,58),(5,6,'Cable para datos',37,'','','','',NULL,NULL,1,0,0,1,1,'2013-04-25 17:20:34','2013-04-25 22:53:58',3,58),(6,1,'Cables Concentricos',31,'','','','',NULL,NULL,1,0,0,1,1,'2013-04-25 17:20:53','2013-04-25 17:20:53',1,NULL),(6,1,'Cables Concentricos',31,'','','','',NULL,NULL,1,0,1,1,1,'2013-04-25 17:20:53','2013-04-25 17:22:20',2,NULL),(6,1,'Cables Concentricos',31,'','','','',NULL,NULL,1,0,1,1,1,'2013-04-25 17:20:53','2013-04-25 20:42:57',3,52),(6,6,'Cables Concentricos',31,'','','','',NULL,NULL,1,0,1,1,1,'2013-04-25 17:20:53','2013-04-25 22:53:58',4,52),(7,1,'Cables de batería',50,'','','','',NULL,NULL,1,0,0,1,1,'2013-04-25 17:21:12','2013-04-25 17:21:12',1,NULL),(7,1,'Cables de batería',50,'','','','',NULL,NULL,1,1,0,1,1,'2013-04-25 17:21:12','2013-04-25 17:21:44',2,NULL),(7,1,'Cables de batería',50,'','','','',NULL,NULL,1,1,1,1,1,'2013-04-25 17:21:12','2013-04-25 17:22:17',3,NULL),(7,1,'Cables de batería',50,'','','','',NULL,NULL,1,1,0,1,1,'2013-04-25 17:21:12','2013-04-25 17:22:19',4,NULL),(7,1,'Cables de batería',50,'','','','',NULL,NULL,1,1,0,1,1,'2013-04-25 17:21:12','2013-04-25 20:42:37',5,53),(7,6,'Cables de batería',50,'','','','',NULL,NULL,1,1,0,1,1,'2013-04-25 17:21:12','2013-04-25 22:53:58',6,53),(8,1,'Cable Flexible',33,'','','','',NULL,NULL,1,0,0,1,1,'2013-04-25 17:21:31','2013-04-25 17:21:31',1,NULL),(8,1,'Cable Flexible',33,'','','','',NULL,NULL,1,0,0,1,1,'2013-04-25 17:21:31','2013-04-25 20:42:22',2,54),(8,6,'Cable Flexible',33,'','','','',NULL,NULL,1,0,0,1,1,'2013-04-25 17:21:31','2013-04-25 22:53:58',3,54);

/*!40101 SET SQL_MODE=@OLD_SQL_MODE */;
/*!40014 SET FOREIGN_KEY_CHECKS=@OLD_FOREIGN_KEY_CHECKS */;
/*!40014 SET UNIQUE_CHECKS=@OLD_UNIQUE_CHECKS */;
/*!40111 SET SQL_NOTES=@OLD_SQL_NOTES */;
